"ID","Title","Sku","Product Type","_enable_custom_addons","_enable_text_field_nombre_persona","_enable_text_field_fecha_evento","_enable_text_field_localidad","_enable_text_field_iglesia","_enable_text_field_hora_misa","_enable_text_field_restaurante","_enable_text_field_observaciones","_enable_text_field_ano_curso","_enable_text_field_hora_evento","_enable_text_field_inicial","_text_field_option_nombre_persona","_text_field_option_fecha_evento"
"19768","LÁMINA DE NACIMIENTO MARRÓN","AP-10000","variable","","yes","yes","no","no","no","no","no","","no","","NOMBRE BEBÉ","FECHA NACIMIENTO"
"19769","LÁMINA DE NACIMIENTO AZUL","AP-10002","variable","","yes","yes","no","no","no","no","no","","no","","NOMBRE BEBÉ","FECHA NACIMIENTO"
"19771","LAMINA ABECEDARIO CON NOMBRE","AP-10004","simple","","","","","","","","","","","","",""
"19968","LÁMINA PERSONALIZADA CON FECHAS Y DATOS IMPORTANTES","AP-10005","variable","","","","","","","","","","","","",""
"19972","LÁMINA GATO GRIS MIAU","AP-10009","variable","","","","","","","","","","","","",""
"19996","INVITACIÓN DE COMUNIÓN DE NIÑA","AP-10014","variable","","yes","yes","yes","yes","yes","yes","yes","","no","","NOMBRE NIÑA","FECHA COMUNIÓN"
"20002","INVITACIÓN DE COMUNIÓN DE NIÑO","AP-10016","variable","","yes","yes","yes","yes","no","yes","no","","no","","NOMBRE NIÑO","FECHA COMUNIÓN"
"20008","LIBRO DEL PRIMER AÑO DEL BEBÉ PERSONALIZADO","AP-10018","variable","","yes","no","no","no","no","no","no","","no","","NOMBRE BEBÉ ",""
"20015","RECORDATORIO DE COMUNIÓN DE NIÑA","AP-10042","variable","","yes","yes","yes","yes","no","no","no","","no","","NOMBRE NIÑA","FECHA COMUNIÓN"
"20021","RECORDATORIO DE COMUNIÓN DE NIÑO","AP-10045","variable","","yes","yes","yes","yes","no","no","no","","no","","NOMBRE NIÑO","FECHA COMUNIÓN"
"20060","LIBRO DE FIRMAS DE COMUNIÓN MORADO Y PERSONALIZADO (NIÑA)","AP-10048","variable","","yes","yes","yes","yes","no","no","no","","no","","NOMBRE NIÑA","FECHA COMUNIÓN"
"20062","CAJA DE PALOMITAS PARA CHUCHES PARA COMUNIÓN, BAUTIZO, BODA O CUMPLEAÑOS","AP-10056","variable","","yes","yes","no","no","no","no","no","","no","","NOMBRE","FECHA"
"20118","LÁMINA DE NACIMIENTO DELICADA","AP-10059","variable","","yes","yes","no","no","no","no","no","","no","","NOMBRE BEBÉ","FECHA NACIMIENTO"
"20207","LIBRO DE FIRMAS BAUTIZO CON BEBE DORMIDO","AP-10061","variable","","yes","yes","yes","yes","no","no","no","","no","","NOMBRE BEBÉ","FECHA BAUTIZO"
"20377","LIBRO DE FIRMAS BAUTIZO CON BEBE SONRIENTE","AP-10065","variable","","yes","yes","yes","yes","no","no","no","","no","","NOMBRE BEBÉ","FECHA BAUTIZO"
"20416","KIT PARA FIESTA - BAUTIZO (NIÑA)","AP-10076","variable","","yes","yes","no","no","no","no","no","","no","","NOMBRE","FECHA BAUTIZO"
"20429","KIT PARA FIESTA - BAUTIZO (NIÑO)","AP-10079","variable","","yes","yes","no","no","no","no","no","","no","","NOMBRE","FECHA BAUTIZO"
"20454","ETIQUETAS REDONDAS DE COMUNION (NIÑA)","AP-10082","variable","","yes","yes","no","no","no","no","no","","no","","NOMBRE NIÑA","FECHA COMUNIÓN"
"20467","ETIQUETA REDONDA DE COMUNIÓN  DE NIÑO","AP-10085","variable","","yes","yes","no","no","no","no","no","","no","","NOMBRE NIÑO","FECHA COMUNIÓN"
"20481","ETIQUETAS REDONDAS PARA BAUTIZO","AP-10088","variable","","yes","yes","no","no","no","no","no","","no","","NOMBRE NIÑO","FECHA BAUTIZO"
"20573","LÁMINA DE NACIMIENTO CON ANIMALITOS DEL BOSQUE","AP-10091","variable","","yes","yes","no","no","no","no","no","","no","","NOMBRE BEBÉ","FECHA NACIMIENTO"
"20624","LIBRO DE FIRMAS DE COMUNION  EN KRAFT CON GUIRNALDA DE FLORES","AP-10093","variable","","yes","yes","yes","yes","no","no","no","","no","","NOMBRE NIÑA","FECHA COMUNIÓN"
"20630","LIBRO DE FIRMAS DE COMUNION  EN KRAFT CON ETIQUETA REDONDA","AP-10105","variable","","yes","yes","yes","yes","no","no","no","","no","","NOMBRE NIÑA","FECHA COMUNIÓN"
"20637","LIBRO DE FIRMAS DE COMUNION  EN KRAFT CON ETIQUETA REDONDA AZUL DE NIÑO","AP-10123","variable","","yes","yes","yes","yes","no","no","no","no","no","","NOMBRE NIÑO","FECHA COMUNIÓN"
"20803","LIBRO DE FIRMAS DE COMUNION  CON  FLORES ROSAS","AP-10131","variable","","yes","yes","yes","yes","no","no","no","","no","","NOMBRE NIÑA","FECHA COMUNIÓN"
"20828","LÁMINA DE COMUNIÓN DE NIÑA PERSONALIZADA CON NOMBRE","AP-10149","variable","","yes","no","no","no","no","no","no","","no","","NOMBRE NIÑA",""
"20834","LÁMINA DE COMUNIÓN DE NIÑO PERSONALIZADA CON NOMBRE","AP-10155","variable","","yes","no","no","no","no","no","no","","no","","NOMBRE NIÑO",""
"20867","INVITACIÓN DE COMUNIÓN DE NIÑA CON CIRCULO","AP-10159","variable","","yes","yes","yes","yes","no","yes","no","","no","","NOMBRE NIÑA","FECHA COMUNIÓN"
"20875","INVITACIÓN DE COMUNIÓN DE NIÑO CON CÍRCULO","AP-10161","variable","","yes","yes","yes","yes","no","yes","yes","","no","","NOMBRE NIÑO","FECHA COMUNIÓN"
"20900","RECORDATORIO CUADRADO CON FLORES AZULES","AP-10163","variable","","yes","no","yes","no","no","no","no","","no","","NOMBRE",""
"20906","RECORDATORIO CUADRADO CON FLORES ROSAS","AP-10166","variable","","yes","no","yes","no","no","no","no","","no","","NOMBRE",""
"20964","ETIQUETA LEÓN","AP-10169","variable","","yes","yes","no","no","no","no","no","","no","","NOMBRE NIÑA/NIÑO","FECHA BAUTIZO/CUMPLEAÑOS/COMUNIÓN"
"20978","ETIQUETA LUNARES","AP-10172","variable","","yes","yes","no","no","no","no","no","no","no","","NOMBRE NIÑA/NIÑO","FECHA BAUTIZO/CUMPLEAÑOS/COMUNIÓN"
"20995","ETIQUETA ESTRELLITAS","AP-10175","variable","","yes","yes","no","no","no","no","no","","no","","NOMBRE NIÑA/NIÑO","FECHA BAUTIZO/CUMPLEAÑOS/COMUNIÓN"
"21009","LIBRO DE FIRMAS BAUTIZO CON ELEFANTE, LEON O JIRAFA","AP-10177","variable","","yes","yes","yes","yes","no","no","no","","no","","NOMBRE BEBÉ","FECHA BAUTIZO"
"21115","ETIQUETA REDONDA PARA BAUTIZO CON ANIMALES","AP-10185","variable","","yes","yes","no","no","no","no","no","","no","","NOMBRE NIÑA/NIÑO","FECHA BAUTIZO"
"21134","ETIQUETA GUIRNALDA DE FLORES ROSAS","AP-10188","variable","","yes","yes","no","no","no","no","no","","no","","NOMBRE NIÑA","FECHA BAUTIZO/CUMPLEAÑOS/COMUNIÓN"
"21148","ETIQUETA GUIRNALDA DE FLORES RUSTICAS AZULES","AP-10191","variable","","yes","yes","no","no","no","no","no","","no","","NOMBRE NIÑA","FECHA BAUTIZO/CUMPLEAÑOS/COMUNIÓN"
"21162","ETIQUETA GUIRNALDA DE FLORES AZULES DELICADAS","AP-10194","variable","","yes","yes","no","no","no","no","no","","no","","NOMBRE NIÑA","FECHA BAUTIZO/CUMPLEAÑOS/COMUNIÓN"
"21175","ETIQUETA CON FONDO DE FLORES ROSAS","AP-10197","variable","","yes","yes","no","no","no","no","no","","no","","NOMBRE NIÑA","FECHA BAUTIZO/CUMPLEAÑOS"
"21192","RECORDATORIO DOBLE CON INICIAL CON CUADROS VICHY","AP-10199","variable","","yes","yes","yes","no","no","no","no","","no","","NOMBRE","FECHA "
"21210","CUADERNO CON INCIAL","AP-10201","variable","","yes","yes","no","no","no","no","no","","no","","NOMBRE NIÑA","FECHA COMUNIÓN"
"21264","INVITACIÓN DE BAUTIZO CON BEBÉ","AP-10204","variable","","yes","yes","yes","yes","no","yes","no","","no","","NOMBRE NIÑO","FECHA BAUTIZO"
"21276","INVITACIÓN DE BAUTIZO CON ANIMALES","AP-10207","variable","","yes","yes","yes","yes","no","yes","no","","no","","NOMBRE NIÑO","FECHA BAUTIZO"
"21469","ETIQUETAS CON FORMA DE BEBÉ + ETIQUETA NOMBRE","AP-10213","variable","","yes","yes","no","no","no","no","no","","no","","NOMBRE NIÑA","FECHA COMUNIÓN"
"21484","KIT PARA FIESTA - CAPERUCITA ROJA","AP-10216","variable","","no","no","no","no","no","no","no","","no","","",""
"21508","KIT PARA FIESTA - BAILARINA","AP-10225","variable","","yes","yes","no","no","no","no","no","","no","","NOMBRE NIÑA","FECHA FIESTA "
"21526","KIT PARA FIESTA - UNICORNIO","AP-10232","variable","","yes","yes","no","no","no","no","no","","no","","NOMBRE NIÑA","FECHA FIESTA "
"21542","KIT PARA FIESTA - SIRENA","AP-10235","variable","","no","no","no","no","no","no","no","","no","","",""
"21551","KIT PARA FIESTA - ANIMALES DEL BOSQUE","AP-10240","variable","","yes","yes","no","no","no","no","no","","no","","NOMBRE NIÑA O NIÑO","FECHA FIESTA "
"21672","LIBRO DE FIRMAS BAUTIZO CON ANIMALES DEL BOSQUE","AP-10247","variable","","yes","yes","yes","yes","no","no","no","","no","","NOMBRE BEBÉ","FECHA BAUTIZO"
"21692","LÁMINA DE ÁRBOL DE HUELLAS CON ELEFANTE, LEON O JIRAFA","AP-10256","variable","","yes","yes","no","no","no","no","no","","no","","NOMBRE BEBÉ","FECHA BAUTIZO"
"21699","LÁMINA DE ÁRBOL DE HUELLAS CON ANIMALES DEL BOSQUE","AP-10260","variable","","yes","yes","no","no","no","no","no","","no","","NOMBRE BEBÉ","FECHA BAUTIZO"
"21855","LIBRO DE FIRMAS DE COMUNION  PARA NIÑO CON  CORONA","AP-10296","variable","","yes","yes","yes","yes","no","no","no","","no","","NOMBRE DE LA NIÑO","FECHA COMUNIÓN"
"21973","LÁMINA DE ARBOL DE HUELLAS DE COMUNIÓN NIÑA","AP-10299","variable","","yes","yes","no","no","no","no","no","","no","","NOMBRE NIÑA","FECHA COMUNIÓN"
"22004","RECORDATORIO DE COMUNIÓN DE NIÑA (apaisado 15 x 10 cm)","AP-10304","variable","","yes","yes","yes","yes","no","no","no","","no","","NOMBRE NIÑA","FECHA COMUNIÓN"
"22012","RECORDATORIO DE COMUNIÓN DE NIÑA CON GUIRNALDA (apaisado 15 x 10 cm)","AP-10307","variable","","yes","yes","yes","yes","no","no","no","","no","","NOMBRE NIÑA","FECHA COMUNIÓN"
"22020","RECORDATORIO COMUNIÓN CON GUIRNALDA ( apaisado 15 x 10 cm)","AP-10310","variable","","yes","yes","yes","yes","no","no","no","","no","","NOMBRE NIÑA","FECHA COMUNIÓN"
"22027","RECORDATORIO DE COMUNIÓN DE NIÑA CON CIRCULO (apaisado 15 x 10 cm)","AP-10313","variable","","yes","yes","yes","yes","no","no","no","","no","","NOMBRE NIÑA","FECHA COMUNIÓN"
"22034","ETIQUETAS CUADRADA DE COMUNION CON NIÑA","AP-10316","variable","","yes","yes","no","no","no","no","no","","no","","NOMBRE NIÑA","FECHA COMUNIÓN"
"22058","ETIQUETAS CUADRADA CON GUIRNALDA","AP-10319","variable","","yes","yes","no","no","no","no","no","","no","","NOMBRE NIÑA","FECHA COMUNIÓN"
"22086","ETIQUETAS REDONDAS DE COMUNION CON GUIRNALDA","AP-10322","variable","","yes","yes","no","no","no","no","no","","no","","NOMBRE NIÑA","FECHA COMUNIÓN"
"22131","LIBRO DE FIRMAS DE COMUNION  PARA NIÑO CON  CORONA VERDE","AP-10332","variable","","yes","yes","yes","yes","no","no","yes","","no","","NOMBRE DE LA NIÑO","FECHA COMUNIÓN"
"22302","ETIQUETAS DE COMUNION CON NIÑA (TIPO TAG)","AP-10335","variable","","yes","yes","no","no","no","no","no","","no","","NOMBRE NIÑA","FECHA COMUNIÓN"
"22332","ETIQUETAS CON CORONA (TIPO TAG)","AP-10338","variable","","yes","yes","no","no","no","no","no","","no","","NOMBRE NIÑA ","FECHA COMUNIÓN"
"22359","RECORDATORIO DE COMUNIÓN MARCAPÁGINAS SIMPLE","AP-10340","variable","","yes","yes","yes","yes","no","no","no","","no","","NOMBRE NIÑA","FECHA COMUNIÓN"
"22366","RECORDATORIO DE COMUNIÓN MARCAPÁGINAS  CON GUIRNALDA Y NIÑA","AP-10343","variable","","yes","yes","yes","yes","no","no","no","","no","","NOMBRE NIÑA","FECHA COMUNIÓN"
"22372","RECORDATORIO COMUNIÓN DE NIÑA MARCAPÁGINAS CON GUIRNALDA","AP-10346","variable","","yes","yes","yes","yes","no","no","no","","no","","NOMBRE NIÑA","FECHA COMUNIÓN"
"22398","RECORDATORIO DE COMUNIÓN MARCAPÁGINAS DOBLE CON CARTULINA KRAFT","AP-10349","variable","","yes","yes","yes","yes","no","no","no","","no","","NOMBRE NIÑA","FECHA COMUNIÓN"
"22415","RECORDATORIO COMUNIÓN MARCAPÁGINAS CON GUIRNALDA DOBLE CON CARTULINA KRAFT","AP-10352","variable","","yes","yes","yes","yes","no","no","no","","no","","NOMBRE NIÑA","FECHA COMUNIÓN"
"22426","RECORDATORIO DE COMUNIÓN MARCAPÁGINAS  CON GUIRNALDA Y NIÑA DOBLE CON CARTULINA KRAFT","AP-10355","variable","","yes","yes","yes","yes","no","no","no","","no","","NOMBRE NIÑA","FECHA COMUNIÓN"
"22434","RECORDATORIO COMUNIÓN MARCAPÁGINAS CON GUIRNALDA DOBLE CON CARTULINA LUNARES","AP-10358","variable","","yes","yes","yes","yes","no","no","no","","no","","NOMBRE NIÑA","FECHA COMUNIÓN"
"22443","FAJÍN DE BOTELLA DE COMUNIÓN DE NIÑO","AP-10361","variable","","","","","","","","","","","","",""
"22448","RECORDATORIO DE COMUNIÓN DE NIÑO MARCAPÁGINAS SIMPLE","AP-10363","variable","","yes","yes","yes","yes","no","no","no","","no","","NOMBRE NIÑO","FECHA COMUNIÓN"
"22462","RECORDATORIO COMUNIÓN DE NIÑO MARCAPÁGINAS CON GUIRNALDA","AP-10366","variable","","yes","yes","yes","yes","no","no","no","","no","","NOMBRE DE LA NIÑO","FECHA COMUNIÓN"
"22469","BOLSITA DE CELOFÁN CON ETIQUETA DE NIÑA DE COMUNIÓN","AP-10369","variable","","yes","yes","no","no","no","no","no","","no","","NOMBRE NIÑA","FECHA COMUNIÓN"
"22492","BOLSITA DE CELOFÁN CON ETIQUETA DE GUIRNALDA DE NIÑA","AP-10379","variable","","yes","yes","no","no","no","no","no","","no","","NOMBRE NIÑA","FECHA COMUNIÓN"
"22516","BOLSITA DE CELOFÁN CON ETIQUETA DE NIÑO DE COMUNIÓN","AP-10389","variable","","yes","yes","no","no","no","no","no","","no","","NOMBRE NIÑO","FECHA COMUNIÓN"
"22551","BOLSITA DE CELOFÁN CON ETIQUETA DE GUIRNALDA DE NIÑO","AP-10400","variable","","yes","yes","no","no","no","no","no","","no","","NOMBRE NIÑO","FECHA COMUNIÓN"
"22577","LÁMINA DE ARBOL DE HUELLAS DE COMUNIÓN NIÑO","AP-10410","variable","","yes","yes","no","no","no","no","no","","no","","NOMBRE NIÑO","FECHA COMUNIÓN"
"22594","ETIQUETAS CUADRADA CON GUIRNALDA NIÑO","AP-10415","variable","","yes","yes","no","no","no","no","no","","no","","NOMBRE NIÑO","FECHA COMUNIÓN/BAUTIZO"
"22641","RECORDATORIO BAUTIZO MARCAPÁGINAS CON ANIMALES","AP-10418","variable","","yes","yes","no","no","no","no","no","","no","","NOMBRE NIÑO/ DE LA NIÑA","FECHA BAUTIZO"
"22654","RECORDATORIO BAUTIZO MARCAPÁGINAS CON BEBE SONRIENTE","AP-10421","variable","","yes","yes","no","no","no","no","no","","no","","NOMBRE NIÑO/ DE LA NIÑA","FECHA BAUTIZO"
"22662","ETIQUETAS CUADRADA BAUTIZO CON ANIMAL","AP-10424","variable","","yes","yes","no","no","no","no","no","","no","","NOMBRE NIÑA/O","FECHA BAUTIZO"
"22689","ETIQUETAS CUADRADAS CON BEBE SONRIENTE","AP-10427","variable","","yes","yes","no","no","no","no","no","","no","","NOMBRE NIÑO/ DE LA NIÑA","FECHA BAUTIZO"
"22706","MINUTA - TARJETA  MENÚ COMUNIÓN DE NIÑO","AP-10429","variable","","yes","yes","no","no","no","no","no","","no","","NOMBRE NIÑO","FECHA COMUNIÓN"
"22721","MINUTA- TARJETA MENÚ COMUNIÓN DE NIÑA","AP-10432","variable","","yes","yes","no","no","no","no","no","","no","","NOMBRE NIÑA","FECHA COMUNIÓN"
"22727","MINUTA- TARJETA MENÚ CON GUIRNALDA NIÑA","AP-10438","variable","","yes","yes","no","no","no","no","no","","no","","NOMBRE NIÑA","FECHA COMUNIÓN"
"22733","MINUTA - TARJETA MENÚ GUIRNALDA NIÑO","AP-10444","variable","","yes","yes","no","no","no","no","no","","no","","NOMBRE DE LA NIÑO","FECHA COMUNIÓN"
"22760","RECORDATORIO DE COMUNIÓN DE NIÑA CLÁSICO","AP-10450","variable","","yes","yes","yes","yes","no","no","no","","no","","NOMBRE NIÑA","FECHA COMUNIÓN"
"22770","RECORDATORIO DE COMUNIÓN DE NIÑA CON GUIRNALDA CLÁSICO","AP-10453","variable","","yes","yes","yes","yes","no","no","no","","no","","NOMBRE NIÑA","FECHA COMUNIÓN"
"22778","RECORDATORIO COMUNIÓN CON GUIRNALDA CLÁSICA","AP-10456","variable","","yes","yes","yes","yes","no","no","no","","no","","NOMBRE NIÑA","FECHA COMUNIÓN"
"22789","RECORDATORIO DE COMUNIÓN DE NIÑA CLÁSICO CUADRADO","AP-10459","variable","","yes","yes","yes","yes","no","no","no","","no","","NOMBRE NIÑA","FECHA COMUNIÓN"
"22810","RECORDATORIO DE COMUNIÓN CUADRADA DOBLE CON CARTULINA KRAFT","AP-10462","variable","","yes","yes","yes","yes","no","no","no","","no","","NOMBRE NIÑA","FECHA COMUNIÓN"
"22815","RECORDATORIO DE COMUNIÓN DE NIÑO CLÁSICO","AP-10465","variable","","yes","yes","yes","yes","no","no","no","","no","","NOMBRE NIÑO","FECHA COMUNIÓN"
"22831","ETIQUETAS REDONDAS CON FESTÓN DE COMUNION (NIÑA)","AP-10468","variable","","yes","yes","no","no","no","no","no","","no","","NOMBRE NIÑA","FECHA COMUNIÓN"
"22858","ETIQUETAS REDONDAS DE COMUNIÓN CON FESTÓN Y CON GUIRNALDA","AP-10470","variable","","yes","yes","no","no","no","no","no","","no","","NOMBRE NIÑA","FECHA COMUNIÓN"
"22887","DETALLE  COMUNIÓN LÁPIZ MONTADO EN CARTULINA PERSONALIZADA PARA NIÑA","AP-10472","variable","","yes","yes","no","no","no","no","no","","no","","NOMBRE NIÑA","FECHA COMUNIÓN"
"22900","DETALLE  COMUNIÓN LÁPIZ MONTADO EN CARTULINA PERSONALIZADA PARA NIÑO","AP-10475","variable","","yes","yes","no","no","no","no","no","","no","","NOMBRE NIÑO","FECHA COMUNIÓN"
"22912","GUIRNALDA DE BANDERINES CON NOMBRE Y NIÑO PERSONALIZADO","AP-10478","variable","","yes","no","no","no","no","no","no","","no","","NOMBRE NIÑO",""
"22922","GUIRNALDA DE BANDERINES CON NOMBRE Y NIÑA PERSONALIZADA","AP-10480","variable","","yes","no","no","no","no","no","no","","no","","NOMBRE NIÑA",""
"22937","LIBRO DE FIRMAS DE PRIMERA COMUNIÓN CON LOMO KRAFT Y NIÑO PERSONALIZADO","AP-10482","variable","","yes","yes","yes","yes","no","no","no","no","no","","NOMBRE NIÑO","FECHA COMUNIÓN"
"22967","DETALLE  COMUNIÓN LÁPIZ MONTADO EN CARTULINA CON CORONA DE FLORES","AP-10485","variable","","yes","yes","no","no","no","no","no","","no","","NOMBRE NIÑA","FECHA COMUNIÓN"
"23011","LIBRO DE FIRMAS CON INICIAL CON FLORES (NIÑA)","AP-10487","variable","","yes","yes","yes","yes","no","no","yes","","no","","NOMBRE NIÑA","FECHA COMUNIÓN"
"23018","RECORDATORIO DE COMUNIÓN DOBLE CON INICIAL DE FLORES Y CARTULINA KRAFT","AP-10498","variable","","yes","yes","yes","yes","no","no","no","","no","","NOMBRE NIÑA","FECHA COMUNIÓN"
"23031","RECORDATORIO COMUNIÓN CON INICIAL DE FLORES","AP-10500","variable","","yes","yes","yes","yes","no","no","no","","no","","NOMBRE NIÑO","FECHA COMUNIÓN"
"23041","ETIQUETA CUADRADA CON INCIAL CON FLORES","AP-10502","variable","","yes","yes","yes","yes","no","no","no","","no","","NOMBRE NIÑA","FECHA COMUNIÓN"
"23056","RECORDATORIO DE COMUNIÓN CON INICIAL DE FLORES","AP-10504","variable","","yes","yes","yes","yes","no","no","no","","no","","NOMBRE NIÑA","FECHA COMUNIÓN"
"23064","RECORDATORIO DE COMUNIÓN CUADRADO CON INICIAL DE FLORES CON CARTULINA KRAFT","AP-10507","variable","","yes","yes","yes","yes","no","no","no","","no","","NOMBRE NIÑA","FECHA COMUNIÓN"
"23194","GUIRNALDA DE BANDERINES CON FÚTBOL Y NOMBRE  DEL NIÑO","AP-10510","simple","","yes","no","no","no","no","no","no","","no","","NOMBRE NIÑO",""
"23196","GUIRNALDA DE BANDERINES CON NOMBRE Y CORONA DE FLORES","AP-10512","variable","","yes","no","no","no","no","no","no","","no","","NOMBRE NIÑA/NIÑO",""
"23211","GUIRNALDA DE BANDERINES EN FORMA DE PENDÓN CON NOMBRE Y CORONA DE FLORES","AP-10514","variable","","yes","no","no","no","no","no","no","","no","","NOMBRE NIÑA/NIÑO",""
"23313","LÁMINA DE HUELLAS CON BAILARINA","AP-10516","variable","","yes","yes","no","no","no","no","no","","no","","NOMBRE NIÑA","FECHA BAUTIZO/COMUNIÓN"
"23326","LÁMINA DE HUELLAS CON ELEFANTE","AP-10519","variable","","yes","yes","no","no","no","no","no","","no","","NOMBRE NIÑA","FECHA BAUTIZO/COMUNIÓN"
"23329","INVITACIÓN DE COMUNIÓN  CON CORONA","AP-10522","variable","","yes","yes","yes","yes","no","yes","no","","no","","NOMBRE NIÑA","FECHA COMUNIÓN"
"23331","INVITACIÓN DE COMUNIÓN CON NIÑA Y CORONA","AP-10524","variable","","yes","yes","yes","yes","no","yes","no","","no","","NOMBRE NIÑA","FECHA COMUNIÓN"
"23453","LIBRO DE FIRMAS CON MARCO DE FLORES","AP-10526","variable","","yes","no","no","no","no","no","no","","no","","NOMBRE NIÑA",""
"23482","LIBRO DE FIRMAS CORONA DE FLORES SILVESTRES","AP-10537","variable","","yes","yes","no","no","no","no","no","","no","","NOMBRE NIÑA","FECHA COMUNIÓN"
"23497","LIBRO DE FIRMAS CON CORONA  AZUL Y VERDE","AP-10548","variable","","yes","no","no","no","no","no","yes","","no","","NOMBRE NIÑA/O",""
"23502","LIBRO DE FIRMAS CON CORONA DE MIMBRE CON HOJAS","AP-10555","variable","","yes","no","no","no","no","no","no","","no","","NOMBRE NIÑA/NIÑO",""
"23509","ETIQUETA CUADRADA CON FLORES SILVESTRES EN ROSA Y AZULES","AP-10562","variable","","yes","no","no","no","no","no","no","","no","","NOMBRE NIÑA",""
"23633","KIT PARA FIESTA - VIAJE","AP-10570","variable","","yes","yes","no","no","no","no","no","","no","","NOMBRE NIÑA","FECHA FIESTA "
"23649","KIT PARA FIESTA - PIRATAS","AP-10575","variable","","yes","yes","no","no","no","no","no","","no","","NOMBRE NIÑA/NIÑO","FECHA FIESTA "
"23661","KIT PARA FIESTA - OSO CUMPLEAÑOS","AP-10582","variable","","yes","yes","no","no","no","no","no","","no","","NOMBRE NIÑA/NIÑO","FECHA FIESTA "
"23672","KIT PARA FIESTA - CONEJITA CUMPLEAÑOS","AP-10588","variable","","yes","yes","no","no","no","no","no","","no","","NOMBRE NIÑA/NIÑO","FECHA FIESTA "
"23687","KIT PARA FIESTA - FLAMENCO","AP-10594","variable","","yes","yes","no","no","no","no","no","","no","","NOMBRE NIÑA/NIÑO","FECHA FIESTA "
"23700","KIT PARA FIESTA - JIRAFA ROSA","AP-10599","variable","","yes","yes","no","no","no","no","no","","no","","NOMBRE NIÑA/NIÑO","FECHA FIESTA "
"23708","LIBRO DE FIRMAS BAUTIZO CON JIRAFA EN AZUL","AP-10604","variable","","yes","yes","yes","yes","no","no","no","","no","","NOMBRE BEBÉ","FECHA BAUTIZO"
"23713","LIBRO DE FIRMAS BAUTIZO CON CONEJITO CON OSOS","AP-10607","variable","","yes","yes","yes","yes","no","no","no","","no","","NOMBRE BEBÉ","FECHA BAUTIZO"
"23721","LIBRO DE FIRMAS BAUTIZO CON OSITO EN AZUL","AP-10610","variable","","yes","yes","yes","yes","no","no","no","","no","","NOMBRE BEBÉ","FECHA BAUTIZO"
"23724","LIBRO DE FIRMAS BAUTIZO CON CONEJITO EN ROSA","AP-10613","variable","","yes","yes","yes","yes","no","no","no","","no","","NOMBRE BEBÉ","FECHA BAUTIZO"
"23727","LIBRO DE FIRMAS BAUTIZO CON ELEFANTE DORMIDO","AP-10616","variable","","yes","yes","yes","yes","no","no","no","","no","","NOMBRE BEBÉ","FECHA BAUTIZO"
"23777","LÁMINA DE NACIMIENTO CON OSITO CON CORONA","AP-10619","variable","","yes","yes","no","no","no","no","no","","no","","NOMBRE BEBÉ","FECHA NACIMIENTO"
"23796","LÁMINA DE NACIMIENTO CON ELEFANTE SOBRE UNA NUBE","AP-10629","variable","","yes","yes","no","no","no","no","no","","no","","NOMBRE BEBÉ","FECHA NACIMIENTO"
"23802","LÁMINA DE NACIMIENTO CON GATO EN ROSA","AP-10635","variable","","yes","yes","no","no","no","no","no","","no","","NOMBRE BEBÉ","FECHA NACIMIENTO"
"23808","LÁMINA DE NACIMIENTO CON BEBÉ Y GUIRNALDA","AP-10641","variable","","yes","yes","no","no","no","no","no","","no","","NOMBRE BEBÉ","FECHA NACIMIENTO"
"23816","KIT PARA FIESTA - GATITO","AP-10647","variable","","yes","yes","no","no","no","no","no","","no","","NOMBRE NIÑA/NIÑO","FECHA FIESTA "
"23847","LIBRO DE FIRMAS DE RECUERDO DE FIN DE CURSO PARA PROFES","AP-10652","simple","no","","","no","no","no","no","no","yes","no","no","NOMBRE PROFE",""
"23853","KIT PARA FIESTA -LUNA","AP-10653","variable","","yes","yes","no","no","no","no","no","","no","","NOMBRE NIÑA/NIÑO","FECHA FIESTA "
"24388","RECORDATORIO DE COMUNIÓN DE NIÑO MARCAPÁGINAS DOBLE VON CARTULINA KRAFT","AP-10658","variable","","yes","yes","yes","yes","no","no","yes","","no","","NOMBRE NIÑO","FECHA COMUNIÓN"
"24391","RECORDATORIO COMUNIÓN DE NIÑO MARCAPÁGINAS CON GUIRNALDA DOBLE CON CARTULINA KRAFT","AP-10660","variable","","yes","yes","yes","yes","no","no","no","","no","","NOMBRE NIÑO","FECHA COMUNIÓN"
"24574","KIT PARA FIESTA -COCHES","AP-10662","variable","","yes","yes","no","no","no","no","no","","no","","NOMBRE NIÑA/NIÑO","FECHA FIESTA "
"24772","TARJETAS DEL PRIMER AÑO DEL BEBÉ   modelo estrellas","AP-10667","variable","no","","","no","","no","","no","no","","","",""
"24774","TARJETAS DEL PRIMER AÑO DEL BEBÉ   modelo cigueña","AP-10669","variable","no","","","no","","no","","no","no","","","",""
"24776","ÁLBUM DE FOTOS DEL PRIMER AÑO DEL BEBE","AP-10671","variable","","yes","no","no","no","no","no","no","","no","","NOMBRE BEBÉ",""
"24790","ÁLBUM DE FOTOS DEL PRIMER AÑO DEL BEBE modelo cigueña","AP-10673","variable","","yes","no","no","no","no","no","no","","no","","NOMBRE BEBÉ",""
"24807","PACK TARJETAS DEL PRIMER AÑO DEL BEBÉ  CON ALBUM A JUEGO","AP-10675","variable","no","","","no","","no","","no","no","","","",""
"24810","PACK TARJETAS DEL PRIMER AÑO DEL BEBÉ  CON ALBUM A JUEGO modelo cigueña","AP-10677","variable","","yes","no","no","no","no","no","no","","no","","NOMBRE BEBÉ",""
"24873","ESPEJO DE BOLSILLO O IMÁN CON DIBUJO DE NIÑA PERSONALIZADO","AP-10679","variable","","yes","yes","no","no","no","no","no","","no","","NOMBRE NIÑA","FECHA COMUNIÓN"
"24886","ESPEJO DE BOLSILLO O IMÁN CON DIBUJO DE NIÑO PERSONALIZADO","AP-10683","variable","","yes","yes","no","no","no","no","yes","","no","","NOMBRE NIÑO","FECHA COMUNIÓN"
"24890","ESPEJO DE BOLSILLO O IMÁN CON ESTRELLA","AP-10686","variable","","yes","yes","no","no","no","no","no","","no","","NOMBRE NIÑO","FECHA COMUNIÓN"
"24907","ESPEJO DE BOLSILLO O IMÁN CON CORAZÓN","AP-10690","variable","","yes","yes","no","no","no","no","no","","no","","NOMBRE NIÑO","FECHA COMUNIÓN"
"24918","CUADERNO DE MANDALAS CON PORTADA PERSONALIZADA CON DIBUJO DE NIÑA DE COMUNIÓN","AP-10694","variable","","yes","yes","no","no","no","no","no","","no","","NOMBRE NIÑA","FECHA COMUNIÓN"
"24928","CUADERNO DE MANDALAS CON PORTADA PERSONALIZADA CON DIBUJO DE NIÑO DE COMUNIÓN","AP-10696","variable","","yes","yes","no","no","no","no","no","no","no","","NOMBRE NIÑO","FECHA COMUNIÓN"
"24931","CUADERNO DE MANDALAS CON PORTADA PERSONALIZADA CON CORONA Y NOMBRE (NIÑA)","AP-10698","variable","","yes","yes","no","no","no","no","no","","no","","NOMBRE NIÑA ","FECHA COMUNIÓN"
"24934","CUADERNO DE MANDALAS CON PORTADA PERSONALIZADA CON CORONA Y NOMBRE","AP-10700","variable","","yes","yes","no","no","no","no","no","","no","","NOMBRE NIÑA ","FECHA COMUNIÓN"
"24937","BOTE DE PINTURAS PARA COLOREAR PERSONALIZADO","AP-10702","variable","","yes","yes","no","no","no","no","no","","no","","NOMBRE NIÑO ","FECHA COMUNIÓN"
"24951","LIBRO DE FIRMAS DE PRIMERA COMUNIÓN CON LOMO KRAFT Y NIÑA PERSONALIZADO","AP-10704","variable","","yes","yes","yes","yes","no","no","no","","no","","NOMBRE NIÑA","FECHA COMUNIÓN"
"24974","BOTE PARA CHUCHES CON ETIQUETA PERSONALIZADA","AP-10715","variable","","yes","yes","no","no","no","no","no","","no","","NOMBRE NIÑO","FECHA COMUNIÓN"
"25008","LIBRO DE FIRMAS DE COMUNION DE TELA CON  CORONA DE FLORES PERSONALIZADO","AP-10717","variable","","yes","yes","yes","yes","no","no","yes","","no","","NOMBRE NIÑA/NIÑO","FECHA COMUNIÓN"
"25015","LIBRO DE FIRMAS DE PRIMERA COMUNIÓN DE TELA PERSONALIZADO (NIÑA)","AP-10719","variable","","yes","yes","yes","yes","no","no","no","","no","","NOMBRE NIÑA","FECHA COMUNIÓN"
"25018","LIBRO DE FIRMAS DE PRIMERA COMUNIÓN DE TELA Y NIÑO PERSONALIZADO","AP-10721","variable","","yes","yes","yes","yes","no","no","yes","","no","","NOMBRE NIÑO","FECHA COMUNIÓN"
"25027","RECORDATORIO COMUNIÓN  MARCAPÁGINAS DOBLE CON CRUZ EN RELIEVE","AP-10723","variable","","yes","yes","yes","yes","no","no","no","","no","","NOMBRE NIÑA/NIÑO","FECHA COMUNIÓN"
"25032","RECORDATORIO COMUNIÓN  MARCAPÁGINAS DOBLE CON PEZ EN RELIEVE","AP-10725","variable","","yes","yes","yes","yes","no","no","no","","no","","NOMBRE NIÑA/NIÑO","FECHA COMUNIÓN"
"25037","ESTUCHE DE MADERA CON LÁPICES DE COLORES","AP-10727","variable","","yes","yes","no","no","no","no","no","","no","","NOMBRE NIÑO ","FECHA COMUNIÓN"
"25062","VASO CON VELA EN CAJA BLANCA PERSONALIZADA CON DIBUJO DE BEBÉ O CIGÜEÑA","AP-10729","variable","","yes","yes","no","no","no","no","no","","no","","NOMBRE NIÑA/NIÑO","FECHA COMUNIÓN"
"25689","PULSERAS CON CRUZ Y CORDÓN DE ALGODON EN TONOS PASTELES","AP-10731","variable","","yes","yes","no","no","no","no","no","","no","","NOMBRE NIÑO","FECHA COMUNIÓN"
"25710","GARGANTILLA CON CRUZ PLATEADA","AP-10735","variable","","yes","yes","no","no","no","no","no","","no","","NOMBRE NIÑA/NIÑO","FECHA COMUNIÓN"
"25733","CUADERNO KRAFT A5 CON PORTADA PERSONALIZADA CON CORONA","AP-10737","variable","","yes","yes","no","no","no","no","no","","no","","NOMBRE NIÑO","FECHA COMUNIÓN"
"25737","CUADERNO A5 KRAFT CON PORTADA PERSONALIZADA CON DIBUJO DE NIÑO","AP-10741","variable","","yes","yes","no","no","no","no","no","","no","","NOMBRE NIÑO","FECHA COMUNIÓN"
"25747","CUADERNO A5 KRAFT CON ETIQUETA VICHY PERSONALIZADA","AP-10745","variable","","yes","yes","no","no","no","no","no","","no","","NOMBRE NIÑO","FECHA COMUNIÓN"
"25756","CUADERNO KRAFT CON ETIQUETA PERSONALIZADA CON NIÑA DE COMUNIÓN","AP-10748","variable","","yes","yes","yes","yes","no","no","no","","no","","NOMBRE NIÑA","FECHA COMUNIÓN"
"25791","LLAVERO CON CRUZ Y CORDÓN DE ALGODÓN ENCERADO","AP-10752","variable","","yes","yes","no","no","no","no","no","","no","","NOMBRE NIÑA/NIÑO","FECHA EVENTO"
"25936","PULSERAS CON CUENTA REDONDA CON CRUZ Y CON CORDÓN DE ALGODÓN ENCERADO","AP-10754","variable","","yes","yes","no","no","no","no","yes","","no","","NOMBRE NIÑA/NIÑO","FECHA COMUNIÓN O EVENTO"
"26390","PULSERAS CON CUENTA REDONDA CON CORAZÓN CON CORDÓN  DE ALGODÓN ENCERADO","AP-10756","variable","","yes","yes","no","no","no","no","no","","no","","NOMBRE NIÑA/NIÑO","FECHA COMUNIÓN O EVENTO"
"26419","PULSERAS CON CUENTA REDONDA CON ESTRELLA DORADA CON CORDÓN  DE ALGODÓN ENCERADO","AP-10759","variable","","yes","yes","no","no","no","no","no","","no","","NOMBRE NIÑA/NIÑO","FECHA COMUNIÓN O EVENTO"
"26440","PULSERAS CON ESTRELLA Y CON CORDÓN  DE ALGODÓN ENCERADO","AP-10762","variable","","yes","yes","no","no","no","no","yes","","no","","NOMBRE NIÑA/NIÑO","FECHA COMUNIÓN, BAUTIZO O EVENTO"
"26451","KIT PARA FIESTA -PERRO SALCHICHA","AP-10765","variable","","yes","yes","no","no","no","no","no","","no","","NOMBRE NIÑA/O","FECHA FIESTA "
"26491","PULSERAS CON CRUCES DE COLORES Y CORDON DE ALGODÓN ENCERADO","AP-10770","variable","","yes","yes","no","no","no","no","yes","","no","","NOMBRE NIÑO","FECHA COMUNIÓN"
"26519","PULSERAS CON CRUCES DE COLORES Y CORDON DE ALGODÓN ENCERADO CON TARJETA COLECCIÓN  ""pájaro""","AP-10773","variable","","yes","yes","no","no","no","no","no","","no","","NOMBRE NIÑO","FECHA COMUNIÓN"
"26534","LIBRO DE FIRMAS DE TELA  COLECCIÓN  ""pájaro""","AP-10776","variable","","yes","yes","no","no","no","no","no","","no","","NOMBRE NIÑA/O","FECHA COMUNIÓN"
"26537","ETIQUETAS CUADRADA COLECCIÓN ""pájaro""","AP-10778","variable","","yes","yes","no","no","no","no","no","","no","","NOMBRE NIÑA","FECHA COMUNIÓN"
"26540","ETIQUETAS REDONDAS COLECCIÓN ""pájaro""","AP-10780","variable","","yes","yes","no","no","no","no","no","","no","","NOMBRE NIÑA","FECHA COMUNIÓN"
"26560","ETIQUETAS REDONDAS COLECCIÓN CORONA ""Sofía""","AP-10782","variable","","yes","yes","no","no","no","no","no","","no","","NOMBRE NIÑA","FECHA COMUNIÓN"
"26564","ETIQUETAS CUADRADA COLECCIÓN CORONA ""Sofía""","AP-10784","variable","","yes","yes","no","no","no","no","no","","no","","NOMBRE NIÑA","FECHA COMUNIÓN"
"26578","LIBRO DE FIRMAS DE TELA DE BODA colección ""flores moradas""","AP-10788","variable","","yes","no","no","no","no","no","no","","no","","NOMBRE NOVIOS",""
"26588","LIBRO DE FIRMAS DE TELA DE BODA COLECCIÓN  ""ramas eucalipto""","AP-10792","variable","","yes","no","no","no","no","no","no","","no","","NOMBRE NOVIOS",""
"26772","RECORDATORIO COMUNIÓN CON DIBUJO DE LA COLECCIÓN ""inicial flores lila""","AP-10795","variable","","yes","yes","yes","yes","no","no","no","","no","","NOMBRE NIÑA","FECHA COMUNIÓN"
"26796","LLAVERO CON BORLA DE YUTE Y COLGANTE","AP-10803","variable","","yes","yes","no","no","no","no","no","","no","","NOMBRE NIÑA/NIÑO","FECHA EVENTO"
"26802","LLAVERO CON ESTRELLA Y COLGANTE","AP-10805","variable","","yes","yes","no","no","no","no","yes","","no","","NOMBRE NIÑA/NIÑO","FECHA EVENTO"
"26805","LLAVERO CON BORLA DE YUTE Y COLGANTE CON INICIAL","AP-10807","variable","","yes","yes","no","no","no","no","no","","no","","NOMBRE NIÑA/NIÑO","FECHA EVENTO"
"26813","LLAVERO CON ESTRELLA Y COLGANTE CON INICIAL","AP-10809","variable","","yes","yes","no","no","no","no","no","","no","","NOMBRE NIÑA/NIÑO","FECHA EVENTO"
"26863","PULSERA CON CRUZ DE COLORES Y TARJETA PERSONALIZADA CON DIBUJO NIÑO DE COMUNIÓN","AP-10813","variable","","yes","yes","no","no","no","no","yes","","no","","NOMBRE NIÑO","FECHA COMUNIÓN"
"26867","PULSERA CON CRUZ  DE COLORES Y TARJETA PERSONALIZADA CON NIÑA DE COMUNIÓN","AP-10815","variable","","yes","yes","yes","no","no","no","no","","no","","NOMBRE NIÑA","FECHA COMUNIÓN"
"26873","CAJA PICNIC CON PEGATINA O ETIQUETA PERSONALIZADA","AP-10817","variable","","yes","no","no","no","no","no","no","","no","","NOMBRE NIÑO",""
"26927","VASO KRAFT CON TAPA Y ETIQUETA PERSONALIZADA PARA CHUCHES","AP-10823","simple","","yes","yes","no","no","no","no","no","","no","","NOMBRE NIÑO","FECHA COMUNIÓN O EVENTO"
"26947","LIBRO DE FIRMAS DE TELA COLECCIÓN  ""barquito de papel""","AP-10824","variable","","yes","yes","yes","yes","no","no","no","","no","","NOMBRE NIÑA/NIÑO","FECHA COMUNIÓN"
"26949","RECORDATORIO COMUNIÓN CON DIBUJO DE LA COLECCIÓN ""barquito de papel""","AP-10826","variable","","yes","yes","yes","yes","no","no","no","","no","","NOMBRE NIÑA","FECHA COMUNIÓN"
"26954","RECORDATORIO COMUNIÓN CON DIBUJO DE LA COLECCIÓN ""pájaro""","AP-10828","variable","","yes","yes","yes","yes","no","no","no","","no","","NOMBRE NIÑA","FECHA COMUNIÓN"
"26962","ETIQUETAS REDONDAS COLECCIÓN ""barquito de papel""","AP-10830","variable","","yes","yes","no","no","no","no","no","","no","","NOMBRE NIÑO","FECHA COMUNIÓN"
"26976","RECORDATORIO COMUNIÓN CON DIBUJO DE LA COLECCIÓN CORONA ""Martina""","AP-10834","variable","","yes","yes","yes","yes","no","no","no","","no","","NOMBRE NIÑA","FECHA COMUNIÓN"
"26982","ETIQUETAS REDONDAS COLECCIÓN CORONA ""Martina""","AP-10836","variable","","yes","yes","no","no","no","no","no","","no","","NOMBRE NIÑO","FECHA COMUNIÓN"
"27003","LIBRO DE FIRMAS DE TELA COLECCIÓN CORONA ""Sara""","AP-10838","variable","","yes","yes","no","no","no","no","no","","no","","NOMBRE NIÑA/NIÑO","FECHA COMUNIÓN"
"27005","RECORDATORIO COMUNIÓN CON DIBUJO DE LA COLECCIÓN CORONA ""Sara""","AP-10840","variable","","yes","yes","yes","yes","no","no","no","","no","","NOMBRE NIÑA","FECHA COMUNIÓN"
"27012","RECORDATORIO BAUTIZO CUADRADO ELEFANTE O OSO","AP-10844","variable","","yes","yes","yes","yes","no","no","no","","no","","NOMBRE NIÑA/NIÑO","FECHA COMUNIÓN"
"27051","LIBRO DE FIRMAS DE PRIMERA COMUNIÓN CON NIÑA PERSONALIZADA","AP-10846","variable","","yes","yes","yes","yes","no","no","no","","no","","NOMBRE NIÑA","FECHA COMUNIÓN"
"27059","LIBRO DE FIRMAS DE PRIMERA COMUNIÓN CON NIÑO PERSONALIZADO","AP-10849","variable","","yes","yes","yes","yes","no","no","no","","no","","NOMBRE NIÑO","FECHA COMUNIÓN"
"27073","LIBRO DE FIRMAS DE TELA COLECCIÓN “inicial dorada"" apaisado con lazo","AP-10854","variable","","yes","yes","no","no","no","no","yes","","no","","NOMBRE NIÑA/NIÑO","FECHA COMUNIÓN"
"27076","LIBRO DE FIRMAS DE TELA COLECCIÓN CORONA ""Martina""","AP-10856","variable","","yes","yes","no","no","no","no","no","","no","","NOMBRE NIÑA/NIÑO","FECHA COMUNIÓN"
"27092","LLAVERO CON BOLA DE MADERA Y COLGANTE NÁCAR","AP-10860","variable","","yes","yes","no","no","no","no","no","","no","","NOMBRE NIÑA/NIÑO","FECHA EVENTO"
"27106","LIBRO DE FIRMAS BAUTIZO CON OSITO","AP-10862","variable","","yes","yes","yes","yes","no","no","no","","no","","NOMBRE BEBÉ","FECHA BAUTIZO"
"27134","RECORDATORIO BAUTIZO ""conejo juguete""","AP-10867","variable","","yes","yes","yes","yes","no","no","no","","no","","NOMBRE NIÑA/NIÑO","FECHA COMUNIÓN"
"27145","RECORDATORIO COMUNIÓN CON DIBUJO DE LA COLECCIÓN ""inicial dorada""","AP-10869","variable","","yes","yes","yes","yes","no","no","no","","no","","NOMBRE NIÑA","FECHA COMUNIÓN"
"27147","RECORDATORIO BAUTIZO CUADRADO ELEFANTE CON ESTRELLAS","AP-10871","variable","","yes","yes","yes","yes","no","no","no","","no","","NOMBRE NIÑA/NIÑO","FECHA COMUNIÓN"
"27351","FAJÍN PARA BOTELLAS DE COMUNIÓN (NIÑA)","AP-10880","variable","","yes","yes","no","no","no","no","no","","no","","NOMBRE NIÑA","FECHA COMUNIÓN"
"27541","PULSERAS CON ESTRELLA Y CON CORDÓN  DE ALGODÓN ENCERADO PARA BODA CON TARJETA PERSONALIZADA","AP-10882","variable","","yes","yes","no","no","no","no","no","","no","","NOMBRE NIÑA/NIÑO","FECHA COMUNIÓN, BAUTIZO O EVENTO"
"27632","INVITACIÓN BODA colección ""HORTENSIA""","AP-10885","variable","","yes","yes","no","no","no","no","no","","no","","NOMBRE NOVIOS","FECHA BODA"
"27640","ETIQUETA CUADRADA BODA colección ""HORTENSIA""","AP-10892","variable","","yes","yes","no","no","no","no","no","","no","","NOMBRE NOVIOS","FECHA BODA"
"27647","ETIQUETAS REDONDAS BODA colección ""HORTENSIA""","AP-10897","variable","","yes","yes","no","no","no","no","no","","no","","NOMBRE NOVIOS","FECHA BODA"
"27653","MARCASITIO BODA colección ""HORTENSIA""","AP-10899","variable","","no","no","no","no","no","no","no","","no","","",""
"27659","TARJETA LISTA DE BODA colección ""HORTENSIA""","AP-10903","variable","","","","","","","","","","","","NOMBRE NOVIOS",""
"27662","MENÚ DE BODA colección ""HORTENSIA""","AP-10906","simple","","yes","yes","no","no","no","no","no","","no","","NOMBRE NOVIOS","FECHA BODA"
"27668","TARJETA AGRADECIMIENTO colección ""HORTENSIA""","AP-10907","variable","","","","","","","","","","","","NOMBRE NOVIOS",""
"27674","TARJETA PARA NOMBRES DE MESAS colección ""HORTENSIA""","AP-10910","simple","","yes","yes","no","no","no","no","no","","no","","NOMBRE NOVIOS","FECHA BODA"
"27675","MISAL colección ""HORTENSIA""","AP-10911","simple","","yes","yes","no","no","no","no","no","","no","","NOMBRE NOVIOS","FECHA BODA"
"27676","MESERO colección ""HORTENSIA""","AP-10912","simple","","yes","yes","no","no","no","no","no","","no","","NOMBRE NOVIOS","FECHA BODA"
"27680","INVITACIÓN BODA colección ""GRANATE""","AP-10913","variable","","yes","yes","no","no","no","no","no","","no","","NOMBRE NOVIOS","FECHA BODA"
"27693","MESERO colección ""GRANATE""","AP-10918","simple","","yes","yes","no","no","no","no","no","","no","","NOMBRE NOVIOS","FECHA BODA"
"27694","TARJETA PARA NOMBRES DE MESAS colección ""GRANATE""","AP-10919","simple","","yes","yes","no","no","no","no","no","","no","","NOMBRE NOVIOS","FECHA BODA"
"27696","MENÚ DE BODA colección ""GRANATE""","AP-10920","simple","","yes","yes","no","no","no","no","no","","no","","NOMBRE NOVIOS","FECHA BODA"
"27697","TARJETA LISTA DE BODA colección ""GRANATE""","AP-10921","variable","","","","","","","","","","","","NOMBRE NOVIOS",""
"27703","TARJETA AGRADECIMIENTO colección ""GRANATE""","AP-10924","variable","","","","","","","","","","","","NOMBRE NOVIOS",""
"27706","MARCASITIO BODA colección ""GRANATE""","AP-10927","variable","","no","no","no","no","no","no","no","","no","","",""
"27709","MISAL colección ""GRANATE""","AP-10930","simple","","yes","yes","no","no","no","no","no","","no","","NOMBRE NOVIOS","FECHA BODA"
"27712","ETIQUETAS REDONDAS BODA colección ""GRANATE""","AP-10931","variable","","yes","yes","no","no","no","no","no","","no","","NOMBRE NOVIOS","FECHA BODA"
"27716","ETIQUETA CUADRADA BODA colección ""GRANATE""","AP-10933","variable","","yes","yes","no","no","no","no","no","","no","","NOMBRE NOVIOS","FECHA BODA"
"27735","LLAVERO CON BOLA DE MADERA Y COLGANTE INICIAL","AP-10938","variable","","yes","yes","no","no","no","no","no","","no","","NOMBRE DE NOVIOS O NIÑO","FECHA EVENTO"
"27810","INVITACIÓN BODA colección ""CORONA FRAMBUESA""","AP-10941","variable","","yes","yes","no","no","no","no","no","","no","","NOMBRE NOVIOS","FECHA BODA"
"27827","ETIQUETA CUADRADA BODA colección ""CORONA FRAMBUESA""","AP-10946","variable","","yes","yes","no","no","no","no","no","","no","","NOMBRE NOVIOS","FECHA BODA"
"27834","ETIQUETA CUADRADA BODA colección ""CORONA FRAMBUESA""","AP-10951","variable","","yes","yes","no","no","no","no","no","","no","","NOMBRE NOVIOS","FECHA BODA"
"27839","MARCASITIO BODA colección ""CORONA FRAMBUESA""","AP-10956","variable","","no","no","no","no","no","no","no","","no","","",""
"27843","MENÚ DE BODA colección ""CORONA FRAMBUESA""","AP-10959","simple","","yes","yes","no","no","no","no","no","","no","","NOMBRE NOVIOS","FECHA BODA"
"27844","MESERO colección ""CORONA FRAMBUESA""","AP-10960","simple","","yes","yes","no","no","no","no","no","","no","","NOMBRE NOVIOS","FECHA BODA"
"27847","TARJETA PARA NOMBRES DE MESAS colección ""CORONA FRAMBUESA""","AP-10961","simple","","yes","yes","no","no","no","no","no","","no","","NOMBRE NOVIOS","FECHA BODA"
"27848","TARJETA LISTA DE BODA colección ""CORONA FRAMBUESA""","AP-10962","variable","","","","","","","","","","","","NOMBRE NOVIOS",""
"27851","TARJETA AGRADECIMIENTO colección ""CORONA FRAMBUESA""","AP-10965","variable","","","","","","","","","","","","NOMBRE NOVIOS",""
"27854","MISAL colección ""CORONA FRAMBUESA""","AP-10968","simple","","yes","yes","no","no","no","no","no","","no","","NOMBRE NOVIOS","FECHA BODA"
"28062","MISAL colección ""CAMPESTRE""","AP-10969","simple","","yes","yes","no","no","no","no","no","","no","","NOMBRE NOVIOS","FECHA BODA"
"28079","TARJETA AGRADECIMIENTO colección ""CAMPESTRE""","AP-10970","variable","","","","","","","","","","","","NOMBRE NOVIOS",""
"28082","TARJETA LISTA DE BODA colección ""CAMPESTRE""","AP-10973","variable","","","","","","","","","","","","NOMBRE NOVIOS",""
"28085","TARJETA PARA NOMBRES DE MESAS colección ""CAMPESTRE""","AP-10976","simple","","yes","yes","no","no","no","no","no","","no","","NOMBRE NOVIOS","FECHA BODA"
"28087","MENÚ DE BODA colección ""CAMPESTRE""","AP-10977","simple","","yes","yes","no","no","no","no","no","","no","","NOMBRE NOVIOS","FECHA BODA"
"28088","INVITACIÓN BODA colección ""CAMPESTRE""","AP-10978","variable","","yes","yes","no","no","no","no","no","","no","","NOMBRE NOVIOS","FECHA BODA"
"28093","MARCASITIO BODA colección ""CAMPESTRE""","AP-10983","variable","","no","no","no","no","no","no","no","","no","","",""
"28096","ETIQUETA REDONDA BODA colección ""CAMPESTRE""","AP-10986","variable","","yes","yes","no","no","no","no","no","","no","","NOMBRE NOVIOS","FECHA BODA"
"28101","ETIQUETA CUADRADA BODA colección ""CAMPESTRE""","AP-10991","variable","","yes","yes","no","no","no","no","no","","no","","NOMBRE NOVIOS","FECHA BODA"
"28109","ETIQUETA REDONDA BODA colección ""LILA""","AP-10996","variable","","yes","yes","no","no","no","no","no","","no","","NOMBRE NOVIOS","FECHA BODA"
"28136","ETIQUETA CUADRADA BODA colección ""LILA""","AP-11001","variable","","yes","yes","no","no","no","no","no","","no","","NOMBRE NOVIOS","FECHA BODA"
"28142","MARCASITIO BODA colección ""LILA""","AP-11006","variable","","no","no","no","no","no","no","no","","no","","",""
"28146","MENÚ DE BODA colección ""LILA""","AP-11009","simple","","yes","yes","no","no","no","no","no","","no","","NOMBRE NOVIOS","FECHA BODA"
"28148","TARJETA PARA NOMBRES DE MESAS colección ""LILA""","AP-11010","simple","","yes","yes","no","no","no","no","no","","no","","NOMBRE NOVIOS","FECHA BODA"
"28152","INVITACIÓN BODA colección ""LILA""","AP-11011","variable","","yes","yes","no","no","no","no","no","","no","","NOMBRE NOVIOS","FECHA BODA"
"28162","TARJETA LISTA DE BODA colección ""LILA""","AP-11016","variable","","","","","","","","","","","","NOMBRE NOVIOS",""
"28165","TARJETA AGRADECIMIENTO colección ""LILA""","AP-11019","variable","","","","","","","","","","","","NOMBRE NOVIOS",""
"28170","MISAL colección ""LILA""","AP-11022","simple","","yes","yes","no","no","no","no","no","","no","","NOMBRE NOVIOS","FECHA BODA"
"28171","MESERO colección ""LILA""","AP-11023","simple","","yes","yes","no","no","no","no","no","","no","","NOMBRE NOVIOS","FECHA BODA"
"28172","MESERO colección ""CAMPESTRE""","AP-11024","simple","","yes","yes","no","no","no","no","no","","no","","NOMBRE NOVIOS","FECHA BODA"
"28245","LIBRO DE FIRMAS VICHY DE PRIMERA COMUNIÓN CON NIÑA PERSONALIZADA","AP-11025","variable","","yes","yes","yes","yes","no","no","no","","no","","NOMBRE NIÑA","FECHA COMUNIÓN"
"28258","LIBRO DE FIRMAS VICHY DE PRIMERA COMUNIÓN CON NIÑO PERSONALIZADO","AP-11029","variable","","yes","yes","yes","yes","no","no","yes","","no","","NOMBRE NIÑO","FECHA COMUNIÓN"
"28272","ETIQUETAS REDONDAS VICHY","AP-11032","variable","","yes","yes","no","no","no","no","yes","","no","","NOMBRE NIÑA/NIÑO","FECHA COMUNIÓN"
"28280","ETIQUETAS TIPO TAG VICHY","AP-11034","variable","","yes","yes","no","no","no","no","no","","no","","NOMBRE NIÑA/NIÑO","FECHA COMUNIÓN"
"28298","PULSERAS CON CRUCES DE COLORES Y CORDON DE ALGODÓN ENCERADO CON TARJETA VICHY","AP-11036","variable","","yes","yes","no","no","no","no","yes","","no","","NOMBRE NIÑO","FECHA COMUNIÓN"
"28326","LLAVERO CON INICIAL DE MADERA","AP-11038","variable","","yes","yes","no","no","no","no","yes","","no","","NOMBRE DE NOVIOS O NIÑO","FECHA EVENTO"
"28336","LLAVERO DE MADERA CON CRUZ O ESTRELLA","AP-11040","variable","","yes","yes","no","no","no","no","no","","no","","NOMBRE DE NOVIOS O NIÑO","FECHA EVENTO"
"28354","DETALLE  COMUNIÓN LÁPIZ CON NOMBRE DE MADERA MONTADO EN CARTULINA PERSONALIZADA","AP-11042","variable","","yes","yes","no","no","no","no","no","","no","","NOMBRE NIÑA/NIÑO","FECHA COMUNIÓN"
"28461","INVITACIÓN DE COMUNIÓN CON CUADROS VICHY ( apaisado 15 x 10 cm)","AP-11046","variable","","yes","yes","yes","yes","no","yes","no","","no","","NOMBRE NIÑA/NIÑO","FECHA COMUNIÓN"
"28486","RECORDATORIO DE COMUNIÓN MARCAPÁGINAS NIÑA DOBLE CON CARTULINA VICHY","AP-11048","variable","","yes","yes","yes","yes","no","no","no","","no","","NOMBRE NIÑA","FECHA COMUNIÓN"
"28580","LLAVERO CON CRUZ DE COLOR HUESO Y CORDÓN DE ALGODÓN ENCERADO","AP-11050","variable","","yes","yes","no","no","no","no","no","","no","","NOMBRE NIÑA/NIÑO","FECHA EVENTO"
"32512","KIT PARA FIESTA - SIRENA","AP-11052","variable","","no","no","no","no","no","no","no","no","no","","",""
"32627","LLAVERO CON CRUZ Y CORDÓN DE ALGODÓN ENCERADO","AP-11056","variable","","yes","yes","no","no","no","no","yes","","no","","NOMBRE NIÑA/NIÑO","FECHA EVENTO"
"32712","TARJETA PARA NOMBRES DE MESAS colección ""HORTENSIA""","AP-11058","simple","","no","no","no","no","no","no","no","","no","","",""
"32717","MESERO colección ""CORONA FRAMBUESA""","AP-11059","simple","","no","no","no","no","no","no","no","","no","","",""
"32718","MISAL colección ""CAMPESTRE""","AP-11060","simple","","no","no","no","no","no","no","no","no","no","","",""
"32726","MENÚ DE BODA colección ""LILA""","AP-11061","simple","","no","no","no","no","no","no","no","","no","","",""
"32727","TARJETA PARA NOMBRES DE MESAS colección ""LILA""","AP-11062","simple","","","","","","","","","","","","",""
"32728","MISAL colección ""LILA""","AP-11063","simple","","no","no","no","no","no","no","no","","no","","",""
"32729","MESERO colección ""CAMPESTRE""","AP-11064","simple","","no","no","no","no","no","no","no","no","no","","",""
"32743","BOLSA DE LINO EN COLORES PASTEL CON O SIN LLAVERO","AP-11065","variable","","","","","","","","","","","","",""
"32746","PULSERAS CON CRUCES DE COLORES Y CORDON DE ALGODÓN ENCERADO CON TARJETA COLECCIÓN  ""pájaro"" (copia)","AP-11068","variable","","no","no","no","no","no","no","no","","no","","",""
"32747","PULSERAS CON CRUCES Y CORDÓN DE ALGODÓN ENCERADO CON TARJETA  ""elefante""","AP-11074","variable","","yes","yes","no","no","no","no","yes","","no","","NOMBRE NIÑO","FECHA EVENTO"
"32748","CARTA PAPÁ NOEL gratis","AP-11069","simple","","no","no","no","no","no","no","no","","no","","",""
"32749","CARTA REYES MAGOS gratis","AP-11070","simple","","no","no","no","no","no","no","no","","no","","",""
"32750","KIT DE NAVIDAD gratis","AP-11071","simple","","no","no","no","no","no","no","no","","no","","",""
"32751","ETIQUETAS REYES MAGOS gratis","AP-11072","simple","","no","no","no","no","no","no","no","","no","","",""
"32752","ETIQUETAS PAPÁ NOEL gratis","AP-11073","simple","","no","no","no","no","no","no","no","","no","","",""
"32782","ETIQUETAS NAVIDAD gratis","AP-11077","simple","","no","no","no","no","no","no","no","","no","","",""
"32783","ETIQUETA TAG DE COMUNIÓN  DE NIÑO","AP-11079","variable","","","","","","","","","","","","",""
"32784","ETIQUETA REDONDA DE COMUNIÓN  DE NIÑO (copia)","AP-11078","variable","","no","no","no","no","no","no","no","","no","","",""
"32926","INVITACIÓN DIGITAL DE COMUNIÓN CON NIÑO","AP-11130","variable","","yes","yes","yes","yes","no","yes","no","","yes","","NOMBRE NIÑO","FECHA COMUNIÓN"
"32934","INVITACIÓN DIGITAL DE COMUNIÓN DE NIÑA","AP-11132","variable","","yes","yes","yes","yes","no","yes","no","","yes","","NOMBRE NIÑA","FECHA COMUNIÓN"
"32951","INVITACIÓN DIGITAL DE COMUNIÓN CON CUADROS VICHY","AP-11134","variable","","yes","yes","yes","yes","no","yes","no","","yes","","NOMBRE NIÑA/NIÑO","FECHA COMUNIÓN"
"32960","INVITACIÓN DIGITAL DE COMUNIÓN CON CORONA","AP-11136","variable","","yes","yes","yes","yes","no","yes","no","","yes","","NOMBRE NIÑA","FECHA COMUNIÓN"
"32968","INVITACIÓN DIGITAL DE COMUNIÓN DE NIÑA CON CÍRCULO","AP-11138","variable","","yes","yes","yes","yes","no","yes","no","","yes","","NOMBRE NIÑA","FECHA COMUNIÓN"
"32973","INVITACIÓN DIGITAL DE COMUNIÓN CON NIÑO CON CÍRCULO","AP-11140","variable","","yes","yes","yes","yes","no","yes","no","","yes","","NOMBRE NIÑO","FECHA COMUNIÓN"
"33116","RECORDATORIO COMUNIÓN MARCAPÁGINAS CON BORLA","AP-11142","variable","","yes","yes","yes","yes","no","no","yes","","no","","NOMBRE NIÑA","FECHA COMUNIÓN"
"33135","RECORDATORIO DE COMUNIÓN MARCAPÁGINAS DOBLE CON CARTULINA KRAFT (copia)","AP-11144","variable","","yes","yes","yes","yes","no","no","no","","no","","NOMBRE NIÑA","FECHA COMUNIÓN"
"33138","RECORDATORIO ALARGADO CON INICIAL (copia)","AP-11147","variable","","yes","yes","yes","no","no","no","no","","no","","NOMBRE","FECHA "
"33265","MOCHILA CON INICIAL Y NOMBRE","AP-11150","variable","","yes","no","no","no","no","no","no","","no","","NOMBRE",""
"33275","BOLSA TOTE CON INICIAL Y NOMBRE","AP-11152","variable","","yes","no","no","no","no","no","no","","no","","NOMBRE",""
"33278","MOCHILA CON ESTRELLA Y NOMBRE","AP-11154","variable","","yes","no","no","no","no","no","no","","no","","NOMBRE",""
"33282","BOLSA TOTE CON ESTRELLA Y NOMBRE","AP-11156","variable","","yes","no","no","no","no","no","no","","no","","NOMBRE",""
"33285","NECESER CON INICIAL Y NOMBRE","AP-11158","variable","","yes","no","no","no","no","no","no","","no","","NOMBRE",""
"33289","NECESER CON INICIAL Y NOMBRE (copia)","AP-11160","variable","","yes","no","no","no","no","no","no","","no","","NOMBRE",""
"33291","NECESER CON ESTRELLA Y NOMBRE","AP-11162","variable","","yes","no","no","no","no","no","no","","no","","NOMBRE",""
"33678","ÁLBUM ARTESANAL PARA BEBÉ","AP-11165","variable","","yes","no","no","no","no","no","no","","no","","NOMBRE BEBÉ",""
"33723","MOCHILA CON ESTRELLA Y NOMBRE (copia)","AP-11169","variable","","yes","no","no","no","no","no","no","","no","","NOMBRE",""
"33725","MOCHILA CON DIBUJO Y NOMBRE","AP-11171","variable","","yes","no","no","no","no","no","no","","no","","NOMBRE",""
"33747","CUADERNO CON DIBUJO Y NOMBRE","AP-11173","variable","","yes","no","no","no","no","no","no","","no","","NOMBRE",""
"35916","Tarta de Pañales Pequeña - Bebé dormido","AP-11192","variable","","yes","no","no","no","no","no","no","","no","","NOMBRE BEBÉ ",""
"35929","Tarta de Pañales Pequeña - Animalitos","AP-11193","variable","","yes","no","no","no","no","no","no","","no","","NOMBRE BEBÉ ",""
"35941","ÁLBUM ARTESANAL PARA BEBÉ PERSONALIZADO CON OSITO","AP-11195","variable","","yes","yes","yes","yes","no","no","yes","","no","","NOMBRE BEBÉ","FECHA BAUTIZO"
"36053","ETIQUETAS REDONDAS OSITO","AP-11197","variable","","yes","no","no","no","no","no","yes","","no","","NOMBRE NIÑA/NIÑO",""
"36072","ÁLBUM ARTESANAL PARA BEBÉ CON OSITO","AP-11199","variable","","yes","yes","yes","yes","no","no","no","","no","","NOMBRE BEBÉ","FECHA BAUTIZO"
"36083","PACK  ""BIENVENIDO AL MUNDO""","AP-11201","variable","","yes","no","no","no","no","no","no","","no","","NOMBRE BEBÉ",""
"36094","MINIÁLBUM CON DIBUJO DE ANIMAL","AP-11202","variable","","yes","no","no","no","no","no","no","","no","","NOMBRE BEBÉ",""
"36106","LIBRO DE FIRMAS DE TELA CON ETIQUETA LIBERTY","AP-11204","variable","","yes","yes","yes","yes","no","no","yes","","no","","NOMBRE NIÑA","FECHA "
"36118","INVITACIÓN DIGITAL CON FLORES LIBERTY","AP-11206","variable","","yes","yes","yes","yes","no","yes","no","","yes","","NOMBRE NIÑA","FECHA COMUNIÓN"
"36183","VELA EN BOTE BLANCO CON ETIQUETA CON CORONA PERSONALIZADA","","variable","","yes","yes","no","no","no","no","no","","no","","NOMBRE","FECHA"
"36194","VELA EN BOTE BLANCO CON ETIQUETA VICHY PERSONALIZADA","AP-11209","variable","","yes","yes","no","no","no","no","no","","no","","NOMBRE","FECHA"
"36199","VELA EN FRASCO DE CRISTAL AMBAR CON ETIQUETA VICHY PERSONALIZADA","AP-11210","variable","","yes","yes","no","no","no","no","no","","no","","NOMBRE","FECHA"
"36205","VELA EN FRASCO CON ETIQUETA CON CORONA PERSONALIZADA","AP-11212","variable","","yes","yes","no","no","no","no","no","","no","","NOMBRE","FECHA"
"36210","ESPEJO DE BOLSILLO DE TELA PERSONALIZADO CON NOMBRE","AP-11214","variable","","yes","yes","no","no","no","no","no","","no","","NOMBRE ","FECHA COMUNIÓN"
"36235","JABÓN DE MARSELLA CON BOLSA DE ALGODÓN Y ETIQUETA PERSONALIZADA","AP-11219","variable","","yes","yes","no","no","no","no","no","","no","","NOMBRE","FECHA EVENTO"
"36249","LIBRO DE FIRMAS ARTESANAL PARA COMUNIÓN PERSONALIZADO CON FÚTBOL","AP-11220","variable","","yes","yes","yes","yes","no","no","no","","no","","NOMBRE NIÑO","FECHA COMUNIÓN"
"36261","CUADERNO CON FLORES LIBERTY Y INICIAL","AP-11222","variable","","yes","no","no","no","no","no","no","","no","","",""
"36268","ETIQUETAS REDONDAS CON BALÓN DE FÚTBOL Y VICHY","AP-11224","variable","","yes","no","no","no","no","no","yes","","no","","NOMBRE NIÑA/NIÑO",""
"36295","RECORDATORIO DE COMUNIÓN MARCAPÁGINAS DOBLE CON DIBUJO DE FUTBOL","AP-11226","variable","","yes","yes","yes","yes","no","no","no","","no","","NOMBRE NIÑA/NIÑO","FECHA COMUNIÓN"
"36303","LIBRO DE FIRMAS DE PRIMERA COMUNIÓN CON FUTBOL Y VICHY NEGRO","AP-11228","variable","","yes","yes","yes","yes","no","no","no","","no","","NOMBRE NIÑO","FECHA COMUNIÓN"
"36318","PULSERAS CON CUENTA REDONDA PASTEL CON CORAZÓN DORADO","AP-11231","variable","","yes","yes","no","no","no","no","no","","no","","NOMBRE NIÑA/NIÑO","FECHA COMUNIÓN O EVENTO"
"36329","PULSERAS CON CUENTA REDONDA PASTEL CON INICIAL DORADA","AP-11234","variable","","","","","","","","","","","","NOMBRE NIÑA/NIÑO",""
"36349","BÁLSAMO LABIAL CON ETIQUETA  PERSONALIZADA CON CORONA","AP-11236","variable","","yes","yes","no","no","no","no","no","","no","","NOMBRE","FECHA"
"36365","TARRINA BLANCA O KRAFT CON ETIQUETA PERSONALIZADA","AP-11238","simple","","no","no","no","no","no","no","no","","no","","",""
"36429","VELA EN FRASCO DE CRISTAL AMBAR CON ETIQUETA PERSONALIZADA","AP-11242","simple","","","","","","","","","","","","",""
"36566","VELA EN BOTE BLANCO CON ETIQUETA","AP-11245","simple","","no","no","no","no","no","no","no","","no","","",""
"36578","TARRINA BLANCA O KRAFT CON ETIQUETA VICHY PERSONALIZADA","AP-11247","variable","","yes","yes","no","no","no","no","no","","no","","NOMBRE NIÑA/NIÑO","FECHA COMUNIÓN/EVENTO"
"36590","TARRINA BLANCA O KRAFT CON ETIQUETA CON CORONA PERSONALIZADA","AP-11256","variable","","yes","yes","no","no","no","no","no","","no","","NOMBRE NIÑA/NIÑO","FECHA COMUNIÓN/EVENTO"
"36602","TARRINA BLANCA O KRAFT CON ETIQUETA DIBUJOS PERSONALIZADA","AP-11265","variable","","yes","yes","no","no","no","no","no","","no","","NOMBRE NIÑA/NIÑO","FECHA COMUNIÓN/EVENTO"
"36667","BÁLSAMO LABIAL CON ETIQUETA  PERSONALIZADA CON DIBUJOS A ELEGIR","AP-11276","variable","","yes","yes","no","no","no","no","no","","no","","NOMBRE","FECHA"
"36674","CAJA MARIPOSA EN BLANCO O KRAFT CON ETIQUETA PERSONALIZADA","AP-11279","variable","","yes","yes","no","no","no","no","no","","no","","NOMBRE","FECHA"
"36684","BÁLSAMO LABIAL CON ETIQUETA  PERSONALIZADA CON VICHY","AP-11280","variable","","yes","yes","no","no","no","no","no","","no","","NOMBRE","FECHA"
"36689","BÁLSAMO LABIAL CON ETIQUETA  PERSONALIZADA","AP-11283","simple","","no","no","no","no","no","no","no","","no","","",""
"36896","LIBRO DE FIRMAS DE TELA CON ETIQUETA CON DIBUJO NIÑA COMUNIÓN TIPO ACUARELA","AP-11357","variable","","yes","yes","yes","yes","no","no","yes","","no","","NOMBRE NIÑA","FECHA "
"36949","LÁMINA A4 CON NIÑA COMUNIÓN CON MARCO BLANCO","AP-11367","variable","","yes","yes","yes","no","no","no","no","","no","","NOMBRE NIÑA","FECHA COMUNIÓN"
"36998","LÁMINA A4 CON MOTIVOS VARIOS PARA COMUNIÓN CON MARCO BLANCO","AP-11399","variable","","yes","yes","no","no","no","no","no","","no","","NOMBRE NIÑA/NIÑO","FECHA COMUNIÓN/EVENTO"
"37004","TARRINA BLANCA O KRAFT CON ETIQUETA CON CORONA PERSONALIZADA (copia)","AP-11403","variable","","yes","yes","no","no","no","no","no","","no","","NOMBRE NIÑA/NIÑO","FECHA COMUNIÓN/EVENTO"
"37010","LÁMINA A4 CON CORONA PARA COMUNIÓN CON MARCO BLANCO","AP-11408","variable","","yes","yes","no","no","no","no","no","","no","","NOMBRE NIÑA/NIÑO","FECHA COMUNIÓN/EVENTO"
"37017","LÁMINA A4 PARA COMUNIÓN CON MARCO BLANCO (copia)","AP-11413","simple","","yes","yes","no","no","no","no","no","","no","","NOMBRE NIÑA/NIÑO","FECHA COMUNIÓN/EVENTO"
"37231","ETIQUETA REDONDA CON DIBUJO NIÑO COMUNIÓN TIPO ACUARELA","AP-11481","variable","","yes","yes","no","no","no","no","no","","no","","NOMBRE DE LA NIÑO","FECHA COMUNIÓN"
"37341","RECORDATORIO CON DIBUJO NIÑO COMUNIÓN TIPO ACUARELA","AP-11525","variable","","yes","yes","yes","no","no","no","no","","no","","NOMBRE NIÑO","FECHA COMUNIÓN"
"37373","RECORDATORIO MARCAPÁGINA CON DIBUJO NIÑO COMUNIÓN TIPO ACUARELA","AP-11556","variable","","yes","yes","yes","no","no","no","no","","no","","NOMBRE NIÑO","FECHA COMUNIÓN"
"37406","LIBRO DE FIRMAS DE TELA CON ETIQUETA PERSONALIZADA CON DIBUJO DE NIÑO TIPO ACUARELA","AP-11587","variable","no","","","yes","","no","","yes","no","","","",""
"37438","LÁMINA A4 CON MARCO BLANCO Y DIBUJO NIÑO COMUNIÓN TIPO ACUARELA","AP-11618","variable","","yes","yes","no","no","no","no","no","","no","","NOMBRE NIÑO","FECHA COMUNIÓN"
"37595","RECORDATORIO CUADRADO CON DIBUJO NIÑO COMUNIÓN TIPO ACUARELA","AP-11649","variable","","yes","yes","yes","no","no","no","no","","no","","NOMBRE NIÑO","FECHA COMUNIÓN"
"37633","RECORDATORIO CUADRADO CON NIÑA COMUNIÓN TIPO ACUARELA","AP-11680","variable","","yes","yes","yes","no","no","no","no","","no","","NOMBRE NIÑA","FECHA COMUNIÓN"
"37683","RECORDATORIO  RECTANGULAR CON NIÑA COMUNIÓN TIPO ACUARELA","AP-11729","variable","","yes","yes","yes","no","no","no","no","","no","","NOMBRE NIÑA","FECHA COMUNIÓN"
"37734","RECORDATORIO  MARCAPÁGINAS CON NIÑA COMUNIÓN TIPO ACUARELA","AP-11778","variable","","yes","yes","yes","no","no","no","no","","no","","NOMBRE NIÑA","FECHA COMUNIÓN"
"37784","ETIQUETA REDONDA CON NIÑA COMUNIÓN TIPO ACUARELA","AP-11827","variable","","yes","yes","yes","no","no","no","no","","no","","NOMBRE NIÑA","FECHA COMUNIÓN"
"37891","INVITACIÓN DIGITAL CON DIBUJO NIÑO COMUNIÓN TIPO ACUARELA","AP-11876","variable","","yes","yes","no","yes","yes","yes","no","","no","","NOMBRE NIÑO","FECHA COMUNIÓN"
"37923","PULSERA CON CRUZ DE COLORES SOBRE TARJETA CON CORONA PERSONALIZADA","AP-11907","variable","","yes","yes","no","no","no","no","yes","","no","","NOMBRE NIÑA/NIÑO","FECHA COMUNIÓN/EVENTO"
"37925","INVITACIÓN DIGITAL CON DIBUJO NIÑA COMUNIÓN TIPO ACUARELA","AP-11909","variable","","yes","yes","yes","yes","yes","yes","no","","no","","NOMBRE NIÑA","FECHA COMUNIÓN"
"38018","CRUZ DE MADERA CON CORDÓN AJUSTABLE Y CARTULINA PERSONALIZADA","AP-11959","variable","","yes","yes","no","no","no","no","no","","no","","NOMBRE ","FECHA"
"38028","BOTE PARA CHUCHES CON ETIQUETA DIBUJO NIÑO COMUNIÓN TIPO ACUARELA","AP-11960","variable","","yes","yes","no","no","no","no","no","","no","","NOMBRE NIÑO","FECHA COMUNIÓN"
"38064","BOTE PARA CHUCHES CON ETIQUETA DIBUJO NIÑA COMUNIÓN TIPO ACUARELA","AP-11991","variable","","yes","yes","no","no","no","yes","no","","no","","NOMBRE NIÑA","FECHA COMUNIÓN"
"38185","PACK COMUNIÓN ESENCIAL -  BALÓN DE FÚTBOL","AP-11992","variable","yes","yes","yes","yes","","yes","","yes","no","","","",""
"38216","PACK COMUNIÓN PREMIUM - CORONA DE FLORES","AP-11994","variable","","yes","yes","yes","yes","yes","no","yes","","no","","NOMBRE NIÑA/NIÑO","FECHA COMUNIÓN"
"38243","PACK BASICO COMUNIÓN CON DIBUJO DE NIÑO TIPO ACUARELA","AP-12004","variable","","yes","yes","yes","yes","yes","no","yes","","no","","NOMBRE NIÑO","FECHA COMUNIÓN"
"38258","PACK COMUNIÓN ESENCIAL -  DIBUJO NIÑA TIPO ACUARELA","AP-12006","variable","yes","no","no","no","no","no","no","no","","no","","",""
"38302","PULSERA CON CRUZ MONTADA EN TARJETA CON DIBUJO DE NIÑO","AP-12010","variable","","yes","yes","no","no","no","no","no","","no","","NOMBRE NIÑO","FECHA COMUNIÓN"
"38314","PULSERA CON CRUZ MONTADA EN TARJETA CON DIBUJO DE NIÑA","AP-12012","variable","","yes","yes","no","no","no","yes","no","","no","","NOMBRE NIÑA","FECHA COMUNIÓN"
"38355","PULSERA CON CRUZ DE COLORES SOBRE TARJETA CON MOTIVOS VARIOS","AP-12014","variable","no","","","no","","no","","no","no","","","",""
"38398","LIBRO DE FIRMAS DE COMUNION  CON  CORONA","AP-12016","variable","","yes","yes","yes","yes","no","no","no","","no","","NOMBRE NIÑA","FECHA COMUNIÓN"
"38536","TARJETA PULSERA","AP-12021","variable","","yes","yes","no","no","no","no","yes","","no","","NOMBRE NIÑO","FECHA COMUNIÓN"
"38583","PACK PULSERAS CON CRUCES DE COLORES Y CORDÓN DE ALGODÓN  ENCERADO","AP-12023","variable","","yes","yes","no","no","no","no","yes","","no","","NOMBRE NIÑO","FECHA COMUNIÓN"
"38601","PACK DE PULSERAS CON CRUCES DE COLORES Y CORDON DE ALGODÓN ENCERADO CON TARJETA VICHY","AP-12026","variable","","yes","yes","no","no","no","no","yes","","no","","NOMBRE NIÑO","FECHA COMUNIÓN"
"38605","LLAVERO CON BOLA DE MADERA Y COLGANTE NÁCAR (copia)","AP-12028","variable","","yes","yes","no","no","no","no","no","","no","","NOMBRE NIÑA/NIÑO","FECHA EVENTO"
"38607","PACK DE LLAVERO CON BOLA DE MADERA Y COLGANTE NÁCAR","AP-12030","variable","","yes","yes","no","no","no","no","no","","no","","NOMBRE NIÑA/NIÑO","FECHA EVENTO"
"38611","PACK DE LLAVEROS CON INICIAL DE MADERA","AP-12032","variable","","yes","yes","no","no","no","no","yes","","no","","NOMBRE DE NOVIOS O NIÑO","FECHA EVENTO"
"38651","RECORDATORIO  MARCAPÁGINAS CON NIÑA COMUNIÓN TIPO ACUARELA (copia)","AP-12034","variable","","yes","yes","yes","no","no","no","no","","no","","NOMBRE NIÑA","FECHA COMUNIÓN"
"38700","PACK DE RECORDATORIO MARCAPÁGINAS CON DIBUJO DE NIÑA TIPO ACUARELA","AP-12083","variable","","yes","yes","yes","no","no","no","yes","","no","","NOMBRE NIÑA","FECHA COMUNIÓN"
"38801","RECORDATORIO CUADRADO CON NIÑA COMUNIÓN TIPO ACUARELA (copia)","AP-12181","variable","","yes","yes","yes","no","no","no","no","","no","","NOMBRE NIÑA","FECHA COMUNIÓN"
"38835","PACK DE RECORDATORIO CUADRADO CON DIBUJO DE NIÑA TIPO ACUARELA","AP-12182","variable","","yes","yes","yes","no","no","no","yes","","no","","NOMBRE NIÑA","FECHA COMUNIÓN"
"38902","PACK DE RECORDATORIO CUADRADO CON DIBUJO NIÑO COMUNIÓN TIPO ACUARELA","AP-12231","variable","","yes","yes","yes","no","no","no","yes","","no","","NOMBRE NIÑO","FECHA COMUNIÓN"
"38907","PACK RECORDATORIO MARCAPÁGINA CON DIBUJO NIÑO COMUNIÓN TIPO ACUARELA","AP-12233","variable","","yes","yes","yes","no","no","no","yes","","no","","NOMBRE NIÑO","FECHA COMUNIÓN"
"38913","PACK RECORDATORIO CON DIBUJO NIÑO COMUNIÓN TIPO ACUARELA","AP-12235","variable","","yes","yes","yes","no","no","no","yes","","no","","NOMBRE NIÑO","FECHA COMUNIÓN"
"38965","GUIRNALDA DE BANDERINES CON DIBUJO DE NIÑO DE COMUNION Y NOMBRE  DEL NIÑO","AP-12266","variable","","yes","no","no","no","no","no","no","","no","","NOMBRE NIÑO",""
"39001","PACK RECORDATORIO  RECTANGULAR CON NIÑA COMUNIÓN TIPO ACUARELA","AP-12267","variable","","yes","yes","yes","no","no","no","yes","","no","","NOMBRE NIÑA","FECHA COMUNIÓN"
"39083","PACK LLAVERO DE MADERA CON CRUZ O ESTRELLA","AP-12336","variable","","yes","yes","no","no","no","no","no","","no","","NOMBRE DE NOVIOS O NIÑO","FECHA EVENTO"
"39087","PACK PULSERA CON CRUZ MONTADA EN TARJETA CON DIBUJO DE NIÑA","AP-12338","variable","","yes","yes","no","no","no","yes","no","","no","","NOMBRE NIÑA","FECHA COMUNIÓN"
"39092","PACK PULSERA CON CRUZ MONTADA EN TARJETA CON DIBUJO DE NIÑO","AP-12340","variable","","yes","yes","no","no","no","no","no","","no","","NOMBRE NIÑO","FECHA COMUNIÓN"
"39139","PACK ETIQUETAS NIÑA COMUNIÓN TIPO ACUARELA","AP-12343","variable","","yes","yes","yes","no","no","no","no","","no","","NOMBRE NIÑA","FECHA COMUNIÓN"
"39154","PACK ETIQUETA REDONDA CON DIBUJO PACK ETIQUETA NIÑO COMUNIÓN TIPO ACUARELA","AP-12345","variable","","yes","yes","no","no","no","no","no","","no","","NOMBRE NIÑO","FECHA COMUNIÓN"
"39608","ÁLBUM CON ESPIRAL PERSONALIZADO CON DIBUJO DE NIÑO TIPO ACUARELA","AP-12347","variable","no","yes","yes","yes","yes","no","no","yes","no","no","no","NOMBRE NIÑO","FECHA COMUNIÓN"
"39626","ÁLBUM  CON ESPIRAL PERSONALIZADO CON DIBUJO NIÑA TIPO ACUARELA","AP-12349","variable","","yes","yes","yes","yes","no","no","yes","","no","","NOMBRE NIÑA","FECHA "
"39727","RECORDATORIO DOBLE MARCAPÁGINA CON DIBUJO NIÑO COMUNIÓN TIPO ACUARELA","AP-12351","variable","","yes","yes","yes","no","no","no","no","","no","","NOMBRE NIÑO","FECHA COMUNIÓN"
"40109","LÁMINA PERSONALIZADA DE NACIMIENTO CON MARCO BLANCO – A4","AP-12353","variable","","yes","yes","no","no","no","no","no","","no","","NOMBRE NIÑA/NIÑO","FECHA NACIMIENTO"
"40189","INVITACIÓN DIGITAL CON FÚTBOL","AP-12355","variable","","yes","yes","yes","yes","no","yes","no","","yes","","NOMBRE NIÑO","FECHA COMUNIÓN"
"40204","INVITACIÓN DIGITAL DE COMUNIÓN CON FÚTBOL","AP-12357","variable","","yes","yes","yes","yes","no","yes","no","","yes","","NOMBRE NIÑA/NIÑO","FECHA COMUNIÓN"
"40225","ÁLBUM ARTESANAL CON BEBÉ DORMIDO","AP-12359","variable","","yes","yes","yes","yes","no","no","yes","","no","","NOMBRE BEBÉ","FECHA BAUTIZO"
"40239","ÁLBUM ARTESANAL CON BEBE DORMIDO","AP-12361","variable","","yes","yes","yes","yes","no","no","no","","no","","NOMBRE BEBÉ","FECHA BAUTIZO"
"40392","ETIQUETA REDONDA CON NIÑA COMUNIÓN TIPO ACUARELA CON REVERSO CON FLORES LIBERTY","AP-12363","variable","","yes","yes","yes","no","no","no","no","","no","","NOMBRE NIÑA","FECHA COMUNIÓN"
"40401","RECORDATORIO  MARCAPÁGINAS CON NIÑA COMUNIÓN TIPO ACUARELA CON ANVERSO DE FLORES LIBERTY","AP-12365","variable","","yes","yes","yes","no","no","no","no","","no","","NOMBRE NIÑA","FECHA COMUNIÓN"
"40470","LIBRO DE FIRMAS ARTESANAL PARA COMUNIÓN PERSONALIZADO CON DIBUJO DE UN ANCLA","AP-12420","variable","","yes","yes","yes","yes","no","no","no","","no","","NOMBRE NIÑO","FECHA COMUNIÓN"
"40547","PACK COMUNIÓN PREMIUM - DIBUJO NIÑA TIPO ACUARELA","AP-12422","variable","yes","yes","yes","yes","no","yes","no","yes","no","no","no","",""
"40563","PACK COMUNIÓN ESENCIAL - DIBUJO DE NIÑO TIPO ACUARELA","AP-12432","variable","","yes","yes","yes","yes","yes","no","yes","","no","","NOMBRE NIÑO","FECHA COMUNIÓN"
"40577","PACK COMUNIÓN PREMIUM - DIBUJO DE NIÑO TIPO ACUARELA","AP-12442","variable","yes","yes","yes","yes","","yes","","yes","yes","","","",""
"40594","PACK COMUNIÓN PREMIUM -  BALÓN DE FÚTBOL","AP-12452","variable","yes","yes","yes","yes","yes","yes","yes","yes","no","no","no","",""
"40608","PACK COMUNIÓN ESENCIAL - CORONA DE FLORES","AP-12462","variable","yes","yes","yes","yes","yes","yes","yes","yes","no","no","no","",""
"40648","PACK COMUNIÓN PREMIUM - CORONA DE FLORES","AP-12499","variable","yes","no","no","yes","yes","yes","yes","yes","no","no","no","",""
