ID,Title,total_fields,field_1_title,field_1_enabled,field_2_title,field_2_enabled,field_3_title,field_3_enabled,field_4_title,field_4_enabled,field_5_title,field_5_enabled,field_6_title,field_6_enabled,field_7_title,field_7_enabled,field_8_title,field_8_enabled,_enable_custom_addons,_enable_text_field_nombre_persona,_enable_text_field_fecha_evento,_enable_text_field_localidad,_enable_text_field_iglesia,_enable_text_field_hora_misa,_enable_text_field_restaurante,_enable_text_field_observaciones,_enable_text_field_ano_curso,_enable_text_field_hora_evento,_enable_text_field_inicial
38064,BOTE PARA CHUCHES CON ETIQUETA DIBUJO NIÑA COMUNIÓN TIPO ACUARELA,5,NOMBRE,on,FECHA,on,IGLESIA,off,HORA MISA,off,RESTAURANTE/ LUGAR DE CELEBRACIÓN ,on,,,,,,,,on,on,off,off,off,on,off,,off,off
38314,PULSERA CON CRUZ MONTADA EN TARJETA CON DIBUJO DE NIÑA,5,NOMBRE,on,FECHA,on,IGLESIA,off,HORA MISA,off,RESTAURANTE/ LUGAR DE CELEBRACIÓN ,on,,,,,,,,on,on,off,off,off,on,off,,off,off
39087,PACK PULSERA CON CRUZ MONTADA EN TARJETA CON DIBUJO DE NIÑA,5,NOMBRE,on,FECHA,on,IGLESIA,off,HORA MISA,off,RESTAURANTE/ LUGAR DE CELEBRACIÓN ,on,,,,,,,,on,on,off,off,off,on,off,,off,off
37925,INVITACIÓN DIGITAL CON DIBUJO NIÑA COMUNIÓN TIPO ACUARELA,6,NOMBRE,on,FECHA,on,IGLESIA,on,HORA MISA,on,RESTAURANTE/ LUGAR DE CELEBRACIÓN ,on,LOCALIDAD,on,,,,,,on,on,on,on,on,on,off,,off,off
37891,INVITACIÓN DIGITAL CON DIBUJO NIÑO COMUNIÓN TIPO ACUARELA,5,NOMBRE,on,FECHA,on,IGLESIA,on,HORA MISA,on,RESTAURANTE/ LUGAR DE CELEBRACIÓN ,on,,,,,,,,on,on,off,on,on,on,off,,off,off
38028,BOTE PARA CHUCHES CON ETIQUETA DIBUJO NIÑO COMUNIÓN TIPO ACUARELA,5,NOMBRE,on,FECHA,on,IGLESIA,off,HORA MISA,off,RESTAURANTE/ LUGAR DE CELEBRACIÓN ,off,,,,,,,,on,on,off,off,off,off,off,,off,off
38302,PULSERA CON CRUZ MONTADA EN TARJETA CON DIBUJO DE NIÑO,5,NOMBRE,on,FECHA,on,IGLESIA,off,HORA MISA,off,RESTAURANTE/ LUGAR DE CELEBRACIÓN ,off,,,,,,,,on,on,off,off,off,off,off,,off,off
39092,PACK PULSERA CON CRUZ MONTADA EN TARJETA CON DIBUJO DE NIÑO,5,NOMBRE,on,FECHA,on,IGLESIA,off,HORA MISA,off,RESTAURANTE/ LUGAR DE CELEBRACIÓN ,off,,,,,,,,on,on,off,off,off,off,off,,off,off
20002,INVITACIÓN DE COMUNIÓN DE NIÑO,5,NOMBRE,on,FECHA,on,IGLESIA,on,LOCALIDAD,on,RESTAURANTE/ LUGAR DE CELEBRACIÓN ,on,,,,,,,,on,on,on,on,off,on,off,,off,off
20867,INVITACIÓN DE COMUNIÓN DE NIÑA CON CIRCULO,5,NOMBRE,on,FECHA,on,IGLESIA,on,LOCALIDAD,on,RESTAURANTE/ LUGAR DE CELEBRACIÓN ,on,,,,,,,,on,on,on,on,off,on,off,,off,off
21264,INVITACIÓN DE BAUTIZO CON BEBÉ,5,NOMBRE,on,FECHA,on,IGLESIA,on,LOCALIDAD,on,RESTAURANTE/ LUGAR DE CELEBRACIÓN ,on,,,,,,,,on,on,on,on,off,on,off,,off,off
21276,INVITACIÓN DE BAUTIZO CON ANIMALES,5,NOMBRE,on,FECHA,on,IGLESIA,on,LOCALIDAD,on,RESTAURANTE/ LUGAR DE CELEBRACIÓN ,on,,,,,,,,on,on,on,on,off,on,off,,off,off
20875,INVITACIÓN DE COMUNIÓN DE NIÑO CON CÍRCULO,6,NOMBRE,on,FECHA,on,IGLESIA,on,LOCALIDAD,on,RESTAURANTE/ LUGAR DE CELEBRACIÓN ,on,OBSERVACIONES,on,,,,,,on,on,on,on,off,on,on,,off,off
32926,INVITACIÓN DIGITAL DE COMUNIÓN CON NIÑO,6,NOMBRE,on,FECHA,on,IGLESIA,on,LOCALIDAD,on,RESTAURANTE/ LUGAR DE CELEBRACIÓN ,on,HORA DEL EVENTO,on,,,,,,on,on,on,on,off,on,off,,on,off
32934,INVITACIÓN DIGITAL DE COMUNIÓN DE NIÑA,6,NOMBRE,on,FECHA,on,IGLESIA,on,LOCALIDAD,on,RESTAURANTE/ LUGAR DE CELEBRACIÓN ,on,HORA DEL EVENTO,on,,,,,,on,on,on,on,off,on,off,,on,off
32968,INVITACIÓN DIGITAL DE COMUNIÓN DE NIÑA CON CÍRCULO,6,NOMBRE,on,FECHA,on,IGLESIA,on,LOCALIDAD,on,RESTAURANTE/ LUGAR DE CELEBRACIÓN ,on,HORA DEL EVENTO,on,,,,,,on,on,on,on,off,on,off,,on,off
32973,INVITACIÓN DIGITAL DE COMUNIÓN CON NIÑO CON CÍRCULO,6,NOMBRE,on,FECHA,on,IGLESIA,on,LOCALIDAD,on,RESTAURANTE/ LUGAR DE CELEBRACIÓN ,on,HORA DEL EVENTO,on,,,,,,on,on,on,on,off,on,off,,on,off
19996,INVITACIÓN DE COMUNIÓN DE NIÑA,7,NOMBRE,on,FECHA,on,IGLESIA,on,LOCALIDAD,on,RESTAURANTE/ LUGAR DE CELEBRACIÓN ,on,HORA MISA,on,OBSERVACIONES,on,,,,on,on,on,on,on,on,on,,off,off
27640,"ETIQUETA CUADRADA BODA colección ""HORTENSIA""",4,NOMBRE,on,FECHA,on,IGLESIA,off,LOCALIDAD,off,,,,,,,,,,on,on,off,off,off,off,off,,off,off
27716,"ETIQUETA CUADRADA BODA colección ""GRANATE""",4,NOMBRE,on,FECHA,on,IGLESIA,off,LOCALIDAD,off,,,,,,,,,,on,on,off,off,off,off,off,,off,off
27827,"ETIQUETA CUADRADA BODA colección ""CORONA FRAMBUESA""",4,NOMBRE,on,FECHA,on,IGLESIA,off,LOCALIDAD,off,,,,,,,,,,on,on,off,off,off,off,off,,off,off
27834,"ETIQUETA CUADRADA BODA colección ""CORONA FRAMBUESA""",4,NOMBRE,on,FECHA,on,IGLESIA,off,LOCALIDAD,off,,,,,,,,,,on,on,off,off,off,off,off,,off,off
28096,"ETIQUETA REDONDA BODA colección ""CAMPESTRE""",4,NOMBRE,on,FECHA,on,IGLESIA,off,LOCALIDAD,off,,,,,,,,,,on,on,off,off,off,off,off,,off,off
28101,"ETIQUETA CUADRADA BODA colección ""CAMPESTRE""",4,NOMBRE,on,FECHA,on,IGLESIA,off,LOCALIDAD,off,,,,,,,,,,on,on,off,off,off,off,off,,off,off
28109,"ETIQUETA REDONDA BODA colección ""LILA""",4,NOMBRE,on,FECHA,on,IGLESIA,off,LOCALIDAD,off,,,,,,,,,,on,on,off,off,off,off,off,,off,off
28136,"ETIQUETA CUADRADA BODA colección ""LILA""",4,NOMBRE,on,FECHA,on,IGLESIA,off,LOCALIDAD,off,,,,,,,,,,on,on,off,off,off,off,off,,off,off
20015,RECORDATORIO DE COMUNIÓN DE NIÑA,4,NOMBRE,on,FECHA,on,IGLESIA,on,LOCALIDAD,on,,,,,,,,,,on,on,on,on,off,off,off,,off,off
20021,RECORDATORIO DE COMUNIÓN DE NIÑO,4,NOMBRE,on,FECHA,on,IGLESIA,on,LOCALIDAD,on,,,,,,,,,,on,on,on,on,off,off,off,,off,off
22004,RECORDATORIO DE COMUNIÓN DE NIÑA (apaisado 15 x 10 cm),4,NOMBRE,on,FECHA,on,IGLESIA,on,LOCALIDAD,on,,,,,,,,,,on,on,on,on,off,off,off,,off,off
22012,RECORDATORIO DE COMUNIÓN DE NIÑA CON GUIRNALDA (apaisado 15 x 10 cm),4,NOMBRE,on,FECHA,on,IGLESIA,on,LOCALIDAD,on,,,,,,,,,,on,on,on,on,off,off,off,,off,off
22020,RECORDATORIO COMUNIÓN CON GUIRNALDA ( apaisado 15 x 10 cm),4,NOMBRE,on,FECHA,on,IGLESIA,on,LOCALIDAD,on,,,,,,,,,,on,on,on,on,off,off,off,,off,off
22027,RECORDATORIO DE COMUNIÓN DE NIÑA CON CIRCULO (apaisado 15 x 10 cm),4,NOMBRE,on,FECHA,on,IGLESIA,on,LOCALIDAD,on,,,,,,,,,,on,on,on,on,off,off,off,,off,off
22359,RECORDATORIO DE COMUNIÓN MARCAPÁGINAS SIMPLE,4,NOMBRE,on,FECHA,on,IGLESIA,on,LOCALIDAD,on,,,,,,,,,,on,on,on,on,off,off,off,,off,off
22366,RECORDATORIO DE COMUNIÓN MARCAPÁGINAS  CON GUIRNALDA Y NIÑA,4,NOMBRE,on,FECHA,on,IGLESIA,on,LOCALIDAD,on,,,,,,,,,,on,on,on,on,off,off,off,,off,off
22372,RECORDATORIO COMUNIÓN DE NIÑA MARCAPÁGINAS CON GUIRNALDA,4,NOMBRE,on,FECHA,on,IGLESIA,on,LOCALIDAD,on,,,,,,,,,,on,on,on,on,off,off,off,,off,off
22398,RECORDATORIO DE COMUNIÓN MARCAPÁGINAS DOBLE CON CARTULINA KRAFT,4,NOMBRE,on,FECHA,on,IGLESIA,on,LOCALIDAD,on,,,,,,,,,,on,on,on,on,off,off,off,,off,off
22415,RECORDATORIO COMUNIÓN MARCAPÁGINAS CON GUIRNALDA DOBLE CON CARTULINA KRAFT,4,NOMBRE,on,FECHA,on,IGLESIA,on,LOCALIDAD,on,,,,,,,,,,on,on,on,on,off,off,off,,off,off
22426,RECORDATORIO DE COMUNIÓN MARCAPÁGINAS  CON GUIRNALDA Y NIÑA DOBLE CON CARTULINA KRAFT,4,NOMBRE,on,FECHA,on,IGLESIA,on,LOCALIDAD,on,,,,,,,,,,on,on,on,on,off,off,off,,off,off
22434,RECORDATORIO COMUNIÓN MARCAPÁGINAS CON GUIRNALDA DOBLE CON CARTULINA LUNARES,4,NOMBRE,on,FECHA,on,IGLESIA,on,LOCALIDAD,on,,,,,,,,,,on,on,on,on,off,off,off,,off,off
22448,RECORDATORIO DE COMUNIÓN DE NIÑO MARCAPÁGINAS SIMPLE,4,NOMBRE,on,FECHA,on,IGLESIA,on,LOCALIDAD,on,,,,,,,,,,on,on,on,on,off,off,off,,off,off
22462,RECORDATORIO COMUNIÓN DE NIÑO MARCAPÁGINAS CON GUIRNALDA,4,NOMBRE,on,FECHA,on,IGLESIA,on,LOCALIDAD,on,,,,,,,,,,on,on,on,on,off,off,off,,off,off
22721,MINUTA- TARJETA MENÚ COMUNIÓN DE NIÑA,4,NOMBRE,on,FECHA,on,IGLESIA,off,LOCALIDAD,off,,,,,,,,,,on,on,off,off,off,off,off,,off,off
22727,MINUTA- TARJETA MENÚ CON GUIRNALDA NIÑA,4,NOMBRE,on,FECHA,on,IGLESIA,off,LOCALIDAD,off,,,,,,,,,,on,on,off,off,off,off,off,,off,off
22733,MINUTA - TARJETA MENÚ GUIRNALDA NIÑO,4,NOMBRE,on,FECHA,on,IGLESIA,off,LOCALIDAD,off,,,,,,,,,,on,on,off,off,off,off,off,,off,off
22760,RECORDATORIO DE COMUNIÓN DE NIÑA CLÁSICO,4,NOMBRE,on,FECHA,on,IGLESIA,on,LOCALIDAD,on,,,,,,,,,,on,on,on,on,off,off,off,,off,off
22770,RECORDATORIO DE COMUNIÓN DE NIÑA CON GUIRNALDA CLÁSICO,4,NOMBRE,on,FECHA,on,IGLESIA,on,LOCALIDAD,on,,,,,,,,,,on,on,on,on,off,off,off,,off,off
22778,RECORDATORIO COMUNIÓN CON GUIRNALDA CLÁSICA,4,NOMBRE,on,FECHA,on,IGLESIA,on,LOCALIDAD,on,,,,,,,,,,on,on,on,on,off,off,off,,off,off
22789,RECORDATORIO DE COMUNIÓN DE NIÑA CLÁSICO CUADRADO,4,NOMBRE,on,FECHA,on,IGLESIA,on,LOCALIDAD,on,,,,,,,,,,on,on,on,on,off,off,off,,off,off
22810,RECORDATORIO DE COMUNIÓN CUADRADA DOBLE CON CARTULINA KRAFT,4,NOMBRE,on,FECHA,on,IGLESIA,on,LOCALIDAD,on,,,,,,,,,,on,on,on,on,off,off,off,,off,off
22815,RECORDATORIO DE COMUNIÓN DE NIÑO CLÁSICO,4,NOMBRE,on,FECHA,on,IGLESIA,on,LOCALIDAD,on,,,,,,,,,,on,on,on,on,off,off,off,,off,off
22887,DETALLE  COMUNIÓN LÁPIZ MONTADO EN CARTULINA PERSONALIZADA PARA NIÑA,4,NOMBRE,on,FECHA,on,IGLESIA,off,LOCALIDAD,off,,,,,,,,,,on,on,off,off,off,off,off,,off,off
22900,DETALLE  COMUNIÓN LÁPIZ MONTADO EN CARTULINA PERSONALIZADA PARA NIÑO,4,NOMBRE,on,FECHA,on,IGLESIA,off,LOCALIDAD,off,,,,,,,,,,on,on,off,off,off,off,off,,off,off
22912,GUIRNALDA DE BANDERINES CON NOMBRE Y NIÑO PERSONALIZADO,4,NOMBRE,on,FECHA,off,IGLESIA,off,LOCALIDAD,off,,,,,,,,,,on,off,off,off,off,off,off,,off,off
22922,GUIRNALDA DE BANDERINES CON NOMBRE Y NIÑA PERSONALIZADA,4,NOMBRE,on,FECHA,off,IGLESIA,off,LOCALIDAD,off,,,,,,,,,,on,off,off,off,off,off,off,,off,off
22967,DETALLE  COMUNIÓN LÁPIZ MONTADO EN CARTULINA CON CORONA DE FLORES,4,NOMBRE,on,FECHA,on,IGLESIA,off,LOCALIDAD,off,,,,,,,,,,on,on,off,off,off,off,off,,off,off
23018,RECORDATORIO DE COMUNIÓN DOBLE CON INICIAL DE FLORES Y CARTULINA KRAFT,4,NOMBRE,on,FECHA,on,IGLESIA,on,LOCALIDAD,on,,,,,,,,,,on,on,on,on,off,off,off,,off,off
23031,RECORDATORIO COMUNIÓN CON INICIAL DE FLORES,4,NOMBRE,on,FECHA,on,IGLESIA,on,LOCALIDAD,on,,,,,,,,,,on,on,on,on,off,off,off,,off,off
23041,ETIQUETA CUADRADA CON INCIAL CON FLORES,4,NOMBRE,on,FECHA,on,IGLESIA,on,LOCALIDAD,on,,,,,,,,,,on,on,on,on,off,off,off,,off,off
23056,RECORDATORIO DE COMUNIÓN CON INICIAL DE FLORES,4,NOMBRE,on,FECHA,on,IGLESIA,on,LOCALIDAD,on,,,,,,,,,,on,on,on,on,off,off,off,,off,off
23064,RECORDATORIO DE COMUNIÓN CUADRADO CON INICIAL DE FLORES CON CARTULINA KRAFT,4,NOMBRE,on,FECHA,on,IGLESIA,on,LOCALIDAD,on,,,,,,,,,,on,on,on,on,off,off,off,,off,off
23194,GUIRNALDA DE BANDERINES CON FÚTBOL Y NOMBRE  DEL NIÑO,4,NOMBRE,on,FECHA,off,IGLESIA,off,LOCALIDAD,off,,,,,,,,,,on,off,off,off,off,off,off,,off,off
24391,RECORDATORIO COMUNIÓN DE NIÑO MARCAPÁGINAS CON GUIRNALDA DOBLE CON CARTULINA KRAFT,4,NOMBRE,on,FECHA,on,IGLESIA,on,LOCALIDAD,on,,,,,,,,,,on,on,on,on,off,off,off,,off,off
25027,RECORDATORIO COMUNIÓN  MARCAPÁGINAS DOBLE CON CRUZ EN RELIEVE,4,NOMBRE,on,FECHA,on,IGLESIA,on,LOCALIDAD,on,,,,,,,,,,on,on,on,on,off,off,off,,off,off
25032,RECORDATORIO COMUNIÓN  MARCAPÁGINAS DOBLE CON PEZ EN RELIEVE,4,NOMBRE,on,FECHA,on,IGLESIA,on,LOCALIDAD,on,,,,,,,,,,on,on,on,on,off,off,off,,off,off
26772,"RECORDATORIO COMUNIÓN CON DIBUJO DE LA COLECCIÓN ""inicial flores lila""",4,NOMBRE,on,FECHA,on,IGLESIA,on,LOCALIDAD,on,,,,,,,,,,on,on,on,on,off,off,off,,off,off
26867,PULSERA CON CRUZ  DE COLORES Y TARJETA PERSONALIZADA CON NIÑA DE COMUNIÓN,4,NOMBRE,on,FECHA,on,IGLESIA,off,LOCALIDAD,on,,,,,,,,,,on,on,on,off,off,off,off,,off,off
26949,"RECORDATORIO COMUNIÓN CON DIBUJO DE LA COLECCIÓN ""barquito de papel""",4,NOMBRE,on,FECHA,on,IGLESIA,on,LOCALIDAD,on,,,,,,,,,,on,on,on,on,off,off,off,,off,off
26954,"RECORDATORIO COMUNIÓN CON DIBUJO DE LA COLECCIÓN ""pájaro""",4,NOMBRE,on,FECHA,on,IGLESIA,on,LOCALIDAD,on,,,,,,,,,,on,on,on,on,off,off,off,,off,off
26976,"RECORDATORIO COMUNIÓN CON DIBUJO DE LA COLECCIÓN CORONA ""Martina""",4,NOMBRE,on,FECHA,on,IGLESIA,on,LOCALIDAD,on,,,,,,,,,,on,on,on,on,off,off,off,,off,off
27005,"RECORDATORIO COMUNIÓN CON DIBUJO DE LA COLECCIÓN CORONA ""Sara""",4,NOMBRE,on,FECHA,on,IGLESIA,on,LOCALIDAD,on,,,,,,,,,,on,on,on,on,off,off,off,,off,off
27012,RECORDATORIO BAUTIZO CUADRADO ELEFANTE O OSO,4,NOMBRE,on,FECHA,on,IGLESIA,on,LOCALIDAD,on,,,,,,,,,,on,on,on,on,off,off,off,,off,off
27134,"RECORDATORIO BAUTIZO ""conejo juguete""",4,NOMBRE,on,FECHA,on,IGLESIA,on,LOCALIDAD,on,,,,,,,,,,on,on,on,on,off,off,off,,off,off
27145,"RECORDATORIO COMUNIÓN CON DIBUJO DE LA COLECCIÓN ""inicial dorada""",4,NOMBRE,on,FECHA,on,IGLESIA,on,LOCALIDAD,on,,,,,,,,,,on,on,on,on,off,off,off,,off,off
27147,RECORDATORIO BAUTIZO CUADRADO ELEFANTE CON ESTRELLAS,4,NOMBRE,on,FECHA,on,IGLESIA,on,LOCALIDAD,on,,,,,,,,,,on,on,on,on,off,off,off,,off,off
28486,RECORDATORIO DE COMUNIÓN MARCAPÁGINAS NIÑA DOBLE CON CARTULINA VICHY,4,NOMBRE,on,FECHA,on,IGLESIA,on,LOCALIDAD,on,,,,,,,,,,on,on,on,on,off,off,off,,off,off
33135,RECORDATORIO DE COMUNIÓN MARCAPÁGINAS DOBLE CON CARTULINA KRAFT (copia),4,NOMBRE,on,FECHA,on,IGLESIA,on,LOCALIDAD,on,,,,,,,,,,on,on,on,on,off,off,off,,off,off
36295,RECORDATORIO DE COMUNIÓN MARCAPÁGINAS DOBLE CON DIBUJO DE FUTBOL,4,NOMBRE,on,FECHA,on,IGLESIA,on,LOCALIDAD,on,,,,,,,,,,on,on,on,on,off,off,off,,off,off
36949,LÁMINA A4 CON NIÑA COMUNIÓN CON MARCO BLANCO,4,NOMBRE,on,FECHA,on,IGLESIA,off,LOCALIDAD,on,,,,,,,,,,on,on,on,off,off,off,off,,off,off
37231,ETIQUETA REDONDA CON DIBUJO NIÑO COMUNIÓN TIPO ACUARELA,4,NOMBRE,on,FECHA,on,IGLESIA,off,LOCALIDAD,off,,,,,,,,,,on,on,off,off,off,off,off,,off,off
37341,RECORDATORIO CON DIBUJO NIÑO COMUNIÓN TIPO ACUARELA,4,NOMBRE,on,FECHA,on,IGLESIA,off,LOCALIDAD,on,,,,,,,,,,on,on,on,off,off,off,off,,off,off
37373,RECORDATORIO MARCAPÁGINA CON DIBUJO NIÑO COMUNIÓN TIPO ACUARELA,4,NOMBRE,on,FECHA,on,IGLESIA,off,LOCALIDAD,on,,,,,,,,,,on,on,on,off,off,off,off,,off,off
37438,LÁMINA A4 CON MARCO BLANCO Y DIBUJO NIÑO COMUNIÓN TIPO ACUARELA,4,NOMBRE,on,FECHA,on,IGLESIA,off,LOCALIDAD,off,,,,,,,,,,on,on,off,off,off,off,off,,off,off
37595,RECORDATORIO CUADRADO CON DIBUJO NIÑO COMUNIÓN TIPO ACUARELA,4,NOMBRE,on,FECHA,on,IGLESIA,off,LOCALIDAD,on,,,,,,,,,,on,on,on,off,off,off,off,,off,off
37633,RECORDATORIO CUADRADO CON NIÑA COMUNIÓN TIPO ACUARELA,4,NOMBRE,on,FECHA,on,IGLESIA,off,LOCALIDAD,on,,,,,,,,,,on,on,on,off,off,off,off,,off,off
37683,RECORDATORIO  RECTANGULAR CON NIÑA COMUNIÓN TIPO ACUARELA,4,NOMBRE,on,FECHA,on,IGLESIA,off,LOCALIDAD,on,,,,,,,,,,on,on,on,off,off,off,off,,off,off
37734,RECORDATORIO  MARCAPÁGINAS CON NIÑA COMUNIÓN TIPO ACUARELA,4,NOMBRE,on,FECHA,on,IGLESIA,off,LOCALIDAD,on,,,,,,,,,,on,on,on,off,off,off,off,,off,off
37784,ETIQUETA REDONDA CON NIÑA COMUNIÓN TIPO ACUARELA,4,NOMBRE,on,FECHA,on,IGLESIA,off,LOCALIDAD,on,,,,,,,,,,on,on,on,off,off,off,off,,off,off
38651,RECORDATORIO  MARCAPÁGINAS CON NIÑA COMUNIÓN TIPO ACUARELA (copia),4,NOMBRE,on,FECHA,on,IGLESIA,off,LOCALIDAD,on,,,,,,,,,,on,on,on,off,off,off,off,,off,off
38801,RECORDATORIO CUADRADO CON NIÑA COMUNIÓN TIPO ACUARELA (copia),4,NOMBRE,on,FECHA,on,IGLESIA,off,LOCALIDAD,on,,,,,,,,,,on,on,on,off,off,off,off,,off,off
38965,GUIRNALDA DE BANDERINES CON DIBUJO DE NIÑO DE COMUNION Y NOMBRE  DEL NIÑO,4,NOMBRE,on,FECHA,off,IGLESIA,off,LOCALIDAD,off,,,,,,,,,,on,off,off,off,off,off,off,,off,off
39139,PACK ETIQUETAS NIÑA COMUNIÓN TIPO ACUARELA,4,NOMBRE,on,FECHA,on,IGLESIA,off,LOCALIDAD,on,,,,,,,,,,on,on,on,off,off,off,off,,off,off
39154,PACK ETIQUETA REDONDA CON DIBUJO PACK ETIQUETA NIÑO COMUNIÓN TIPO ACUARELA,4,NOMBRE,on,FECHA,on,IGLESIA,off,LOCALIDAD,off,,,,,,,,,,on,on,off,off,off,off,off,,off,off
39727,RECORDATORIO DOBLE MARCAPÁGINA CON DIBUJO NIÑO COMUNIÓN TIPO ACUARELA,4,NOMBRE,on,FECHA,on,IGLESIA,off,LOCALIDAD,on,,,,,,,,,,on,on,on,off,off,off,off,,off,off
40392,ETIQUETA REDONDA CON NIÑA COMUNIÓN TIPO ACUARELA CON REVERSO CON FLORES LIBERTY,4,NOMBRE,on,FECHA,on,IGLESIA,off,LOCALIDAD,on,,,,,,,,,,on,on,on,off,off,off,off,,off,off
40401,RECORDATORIO  MARCAPÁGINAS CON NIÑA COMUNIÓN TIPO ACUARELA CON ANVERSO DE FLORES LIBERTY,4,NOMBRE,on,FECHA,on,IGLESIA,off,LOCALIDAD,on,,,,,,,,,,on,on,on,off,off,off,off,,off,off
20207,LIBRO DE FIRMAS BAUTIZO CON BEBE DORMIDO,4,NOMBRE,on,FECHA,on,IGLESIA,on,LOCALIDAD,on,,,,,,,,,,on,on,on,on,off,off,off,,off,off
20377,LIBRO DE FIRMAS BAUTIZO CON BEBE SONRIENTE,4,NOMBRE,on,FECHA,on,IGLESIA,on,LOCALIDAD,on,,,,,,,,,,on,on,on,on,off,off,off,,off,off
21009,"LIBRO DE FIRMAS BAUTIZO CON ELEFANTE, LEON O JIRAFA",4,NOMBRE,on,FECHA,on,IGLESIA,on,LOCALIDAD,on,,,,,,,,,,on,on,on,on,off,off,off,,off,off
21672,LIBRO DE FIRMAS BAUTIZO CON ANIMALES DEL BOSQUE,4,NOMBRE,on,FECHA,on,IGLESIA,on,LOCALIDAD,on,,,,,,,,,,on,on,on,on,off,off,off,,off,off
21692,"LÁMINA DE ÁRBOL DE HUELLAS CON ELEFANTE, LEON O JIRAFA",4,NOMBRE,on,FECHA,on,IGLESIA,off,LOCALIDAD,off,,,,,,,,,,on,on,off,off,off,off,off,,off,off
21699,LÁMINA DE ÁRBOL DE HUELLAS CON ANIMALES DEL BOSQUE,4,NOMBRE,on,FECHA,on,IGLESIA,off,LOCALIDAD,off,,,,,,,,,,on,on,off,off,off,off,off,,off,off
22641,RECORDATORIO BAUTIZO MARCAPÁGINAS CON ANIMALES,4,NOMBRE,on,FECHA,on,IGLESIA,off,LOCALIDAD,off,,,,,,,,,,on,on,off,off,off,off,off,,off,off
22654,RECORDATORIO BAUTIZO MARCAPÁGINAS CON BEBE SONRIENTE,4,NOMBRE,on,FECHA,on,IGLESIA,off,LOCALIDAD,off,,,,,,,,,,on,on,off,off,off,off,off,,off,off
22689,ETIQUETAS CUADRADAS CON BEBE SONRIENTE,4,NOMBRE,on,FECHA,on,IGLESIA,off,LOCALIDAD,off,,,,,,,,,,on,on,off,off,off,off,off,,off,off
23708,LIBRO DE FIRMAS BAUTIZO CON JIRAFA EN AZUL,4,NOMBRE,on,FECHA,on,IGLESIA,on,LOCALIDAD,on,,,,,,,,,,on,on,on,on,off,off,off,,off,off
23713,LIBRO DE FIRMAS BAUTIZO CON CONEJITO CON OSOS,4,NOMBRE,on,FECHA,on,IGLESIA,on,LOCALIDAD,on,,,,,,,,,,on,on,on,on,off,off,off,,off,off
23721,LIBRO DE FIRMAS BAUTIZO CON OSITO EN AZUL,4,NOMBRE,on,FECHA,on,IGLESIA,on,LOCALIDAD,on,,,,,,,,,,on,on,on,on,off,off,off,,off,off
23724,LIBRO DE FIRMAS BAUTIZO CON CONEJITO EN ROSA,4,NOMBRE,on,FECHA,on,IGLESIA,on,LOCALIDAD,on,,,,,,,,,,on,on,on,on,off,off,off,,off,off
23727,LIBRO DE FIRMAS BAUTIZO CON ELEFANTE DORMIDO,4,NOMBRE,on,FECHA,on,IGLESIA,on,LOCALIDAD,on,,,,,,,,,,on,on,on,on,off,off,off,,off,off
24776,ÁLBUM DE FOTOS DEL PRIMER AÑO DEL BEBE,4,NOMBRE,on,FECHA,off,IGLESIA,off,LOCALIDAD,off,,,,,,,,,,on,off,off,off,off,off,off,,off,off
24790,ÁLBUM DE FOTOS DEL PRIMER AÑO DEL BEBE modelo cigueña,4,NOMBRE,on,FECHA,off,IGLESIA,off,LOCALIDAD,off,,,,,,,,,,on,off,off,off,off,off,off,,off,off
24810,PACK TARJETAS DEL PRIMER AÑO DEL BEBÉ  CON ALBUM A JUEGO modelo cigueña,4,NOMBRE,on,FECHA,off,IGLESIA,off,LOCALIDAD,off,,,,,,,,,,on,off,off,off,off,off,off,,off,off
27106,LIBRO DE FIRMAS BAUTIZO CON OSITO,4,NOMBRE,on,FECHA,on,IGLESIA,on,LOCALIDAD,on,,,,,,,,,,on,on,on,on,off,off,off,,off,off
33678,ÁLBUM ARTESANAL PARA BEBÉ,4,NOMBRE,on,FECHA,off,IGLESIA,off,LOCALIDAD,off,,,,,,,,,,on,off,off,off,off,off,off,,off,off
36072,ÁLBUM ARTESANAL PARA BEBÉ CON OSITO,4,NOMBRE,on,FECHA,on,IGLESIA,on,LOCALIDAD,on,,,,,,,,,,on,on,on,on,off,off,off,,off,off
40239,ÁLBUM ARTESANAL CON BEBE DORMIDO,4,NOMBRE,on,FECHA,on,IGLESIA,on,LOCALIDAD,on,,,,,,,,,,on,on,on,on,off,off,off,,off,off
23313,LÁMINA DE HUELLAS CON BAILARINA,4,NOMBRE,on,FECHA,on,IGLESIA,off,LOCALIDAD,off,,,,,,,,,,on,on,off,off,off,off,off,,off,off
23326,LÁMINA DE HUELLAS CON ELEFANTE,4,NOMBRE,on,FECHA,on,IGLESIA,off,LOCALIDAD,off,,,,,,,,,,on,on,off,off,off,off,off,,off,off
23509,ETIQUETA CUADRADA CON FLORES SILVESTRES EN ROSA Y AZULES,4,NOMBRE,on,FECHA,off,IGLESIA,off,LOCALIDAD,off,,,,,,,,,,on,off,off,off,off,off,off,,off,off
20060,LIBRO DE FIRMAS DE COMUNIÓN MORADO Y PERSONALIZADO (NIÑA),5,NOMBRE,on,FECHA,on,IGLESIA,on,LOCALIDAD,on,,,,,,,,,,on,on,on,on,off,off,off,,off,off
20624,LIBRO DE FIRMAS DE COMUNION  EN KRAFT CON GUIRNALDA DE FLORES,5,NOMBRE,on,FECHA,on,IGLESIA,on,LOCALIDAD,on,,,,,,,,,,on,on,on,on,off,off,off,,off,off
20630,LIBRO DE FIRMAS DE COMUNION  EN KRAFT CON ETIQUETA REDONDA,5,NOMBRE,on,FECHA,on,IGLESIA,on,LOCALIDAD,on,,,,,,,,,,on,on,on,on,off,off,off,,off,off
20803,LIBRO DE FIRMAS DE COMUNION  CON  FLORES ROSAS,5,NOMBRE,on,FECHA,on,IGLESIA,on,LOCALIDAD,on,,,,,,,,,,on,on,on,on,off,off,off,,off,off
23453,LIBRO DE FIRMAS CON MARCO DE FLORES,5,NOMBRE,on,FECHA,off,IGLESIA,off,LOCALIDAD,off,,,,,,,,,,on,off,off,off,off,off,off,,off,off
23482,LIBRO DE FIRMAS CORONA DE FLORES SILVESTRES,5,NOMBRE,on,FECHA,on,IGLESIA,off,LOCALIDAD,off,,,,,,,,,,on,on,off,off,off,off,off,,off,off
23502,LIBRO DE FIRMAS CON CORONA DE MIMBRE CON HOJAS,5,NOMBRE,on,FECHA,off,IGLESIA,off,LOCALIDAD,off,,,,,,,,,,on,off,off,off,off,off,off,,off,off
24873,ESPEJO DE BOLSILLO O IMÁN CON DIBUJO DE NIÑA PERSONALIZADO,5,NOMBRE,on,FECHA,on,IGLESIA,off,LOCALIDAD,off,,,,,,,,,,on,on,off,off,off,off,off,,off,off
24918,CUADERNO DE MANDALAS CON PORTADA PERSONALIZADA CON DIBUJO DE NIÑA DE COMUNIÓN,5,NOMBRE,on,FECHA,on,IGLESIA,off,LOCALIDAD,off,,,,,,,,,,on,on,off,off,off,off,off,,off,off
24951,LIBRO DE FIRMAS DE PRIMERA COMUNIÓN CON LOMO KRAFT Y NIÑA PERSONALIZADO,5,NOMBRE,on,FECHA,on,IGLESIA,on,LOCALIDAD,on,,,,,,,,,,on,on,on,on,off,off,off,,off,off
25015,LIBRO DE FIRMAS DE PRIMERA COMUNIÓN DE TELA PERSONALIZADO (NIÑA),5,NOMBRE,on,FECHA,on,IGLESIA,on,LOCALIDAD,on,,,,,,,,,,on,on,on,on,off,off,off,,off,off
25062,VASO CON VELA EN CAJA BLANCA PERSONALIZADA CON DIBUJO DE BEBÉ O CIGÜEÑA,5,NOMBRE,on,FECHA,on,IGLESIA,off,LOCALIDAD,off,,,,,,,,,,on,on,off,off,off,off,off,,off,off
25756,CUADERNO KRAFT CON ETIQUETA PERSONALIZADA CON NIÑA DE COMUNIÓN,5,NOMBRE,on,FECHA,on,IGLESIA,on,LOCALIDAD,on,,,,,,,,,,on,on,on,on,off,off,off,,off,off
26534,"LIBRO DE FIRMAS DE TELA  COLECCIÓN  ""pájaro""",5,NOMBRE,on,FECHA,on,IGLESIA,off,LOCALIDAD,off,,,,,,,,,,on,on,off,off,off,off,off,,off,off
26578,"LIBRO DE FIRMAS DE TELA DE BODA colección ""flores moradas""",5,NOMBRE,on,FECHA,off,IGLESIA,off,LOCALIDAD,off,,,,,,,,,,on,off,off,off,off,off,off,,off,off
26588,"LIBRO DE FIRMAS DE TELA DE BODA COLECCIÓN  ""ramas eucalipto""",5,NOMBRE,on,FECHA,off,IGLESIA,off,LOCALIDAD,off,,,,,,,,,,on,off,off,off,off,off,off,,off,off
27003,"LIBRO DE FIRMAS DE TELA COLECCIÓN CORONA ""Sara""",5,NOMBRE,on,FECHA,on,IGLESIA,off,LOCALIDAD,off,,,,,,,,,,on,on,off,off,off,off,off,,off,off
27051,LIBRO DE FIRMAS DE PRIMERA COMUNIÓN CON NIÑA PERSONALIZADA,5,NOMBRE,on,FECHA,on,IGLESIA,on,LOCALIDAD,on,,,,,,,,,,on,on,on,on,off,off,off,,off,off
27076,"LIBRO DE FIRMAS DE TELA COLECCIÓN CORONA ""Martina""",5,NOMBRE,on,FECHA,on,IGLESIA,off,LOCALIDAD,off,,,,,,,,,,on,on,off,off,off,off,off,,off,off
28245,LIBRO DE FIRMAS VICHY DE PRIMERA COMUNIÓN CON NIÑA PERSONALIZADA,5,NOMBRE,on,FECHA,on,IGLESIA,on,LOCALIDAD,on,,,,,,,,,,on,on,on,on,off,off,off,,off,off
38398,LIBRO DE FIRMAS DE COMUNION  CON  CORONA,5,NOMBRE,on,FECHA,on,IGLESIA,on,LOCALIDAD,on,,,,,,,,,,on,on,on,on,off,off,off,,off,off
21855,LIBRO DE FIRMAS DE COMUNION  PARA NIÑO CON  CORONA,5,NOMBRE,on,FECHA,on,IGLESIA,on,LOCALIDAD,on,,,,,,,,,,on,on,on,on,off,off,off,,off,off
26947,"LIBRO DE FIRMAS DE TELA COLECCIÓN  ""barquito de papel""",5,NOMBRE,on,FECHA,on,IGLESIA,on,LOCALIDAD,on,,,,,,,,,,on,on,on,on,off,off,off,,off,off
20637,LIBRO DE FIRMAS DE COMUNION  EN KRAFT CON ETIQUETA REDONDA AZUL DE NIÑO,5,NOMBRE,on,FECHA,on,IGLESIA,on,LOCALIDAD,on,,,,,,,,,no,on,on,on,on,off,off,off,no,off,off
22937,LIBRO DE FIRMAS DE PRIMERA COMUNIÓN CON LOMO KRAFT Y NIÑO PERSONALIZADO,5,NOMBRE,on,FECHA,on,IGLESIA,on,LOCALIDAD,on,,,,,,,,,no,on,on,on,on,off,off,off,no,off,off
24890,ESPEJO DE BOLSILLO O IMÁN CON ESTRELLA,5,NOMBRE,on,FECHA,on,IGLESIA,off,LOCALIDAD,off,,,,,,,,,,on,on,off,off,off,off,off,,off,off
24907,ESPEJO DE BOLSILLO O IMÁN CON CORAZÓN,5,NOMBRE,on,FECHA,on,IGLESIA,off,LOCALIDAD,off,,,,,,,,,,on,on,off,off,off,off,off,,off,off
24928,CUADERNO DE MANDALAS CON PORTADA PERSONALIZADA CON DIBUJO DE NIÑO DE COMUNIÓN,5,NOMBRE,on,FECHA,on,IGLESIA,off,LOCALIDAD,off,,,,,,,,,no,on,on,off,off,off,off,off,no,off,off
25737,CUADERNO A5 KRAFT CON PORTADA PERSONALIZADA CON DIBUJO DE NIÑO,5,NOMBRE,on,FECHA,on,IGLESIA,off,LOCALIDAD,off,,,,,,,,,,on,on,off,off,off,off,off,,off,off
25747,CUADERNO A5 KRAFT CON ETIQUETA VICHY PERSONALIZADA,5,NOMBRE,on,FECHA,on,IGLESIA,off,LOCALIDAD,off,,,,,,,,,,on,on,off,off,off,off,off,,off,off
27059,LIBRO DE FIRMAS DE PRIMERA COMUNIÓN CON NIÑO PERSONALIZADO,5,NOMBRE,on,FECHA,on,IGLESIA,on,LOCALIDAD,on,,,,,,,,,,on,on,on,on,off,off,off,,off,off
36210,ESPEJO DE BOLSILLO DE TELA PERSONALIZADO CON NOMBRE,5,NOMBRE,on,FECHA,on,IGLESIA,off,LOCALIDAD,off,,,,,,,,,,on,on,off,off,off,off,off,,off,off
36303,LIBRO DE FIRMAS DE PRIMERA COMUNIÓN CON FUTBOL Y VICHY NEGRO,5,NOMBRE,on,FECHA,on,IGLESIA,on,LOCALIDAD,on,,,,,,,,,,on,on,on,on,off,off,off,,off,off
23329,INVITACIÓN DE COMUNIÓN  CON CORONA,5,NOMBRE,on,FECHA,on,IGLESIA,on,LOCALIDAD,on,RESTAURANTE/ LUGAR DE CELEBRACIÓN ,on,,,,,,,,on,on,on,on,off,on,off,,off,off
23331,INVITACIÓN DE COMUNIÓN CON NIÑA Y CORONA,5,NOMBRE,on,FECHA,on,IGLESIA,on,LOCALIDAD,on,RESTAURANTE/ LUGAR DE CELEBRACIÓN ,on,,,,,,,,on,on,on,on,off,on,off,,off,off
24388,RECORDATORIO DE COMUNIÓN DE NIÑO MARCAPÁGINAS DOBLE VON CARTULINA KRAFT,5,NOMBRE,on,FECHA,on,IGLESIA,on,LOCALIDAD,on,OBSERVACIONES,on,,,,,,,,on,on,on,on,off,off,on,,off,off
28461,INVITACIÓN DE COMUNIÓN CON CUADROS VICHY ( apaisado 15 x 10 cm),5,NOMBRE,on,FECHA,on,IGLESIA,on,LOCALIDAD,on,RESTAURANTE/ LUGAR DE CELEBRACIÓN ,on,,,,,,,,on,on,on,on,off,on,off,,off,off
33116,RECORDATORIO COMUNIÓN MARCAPÁGINAS CON BORLA,5,NOMBRE,on,FECHA,on,IGLESIA,on,LOCALIDAD,on,"OBSERVACIONES
",on,,,,,,,,on,on,on,on,off,off,on,,off,off
38700,PACK DE RECORDATORIO MARCAPÁGINAS CON DIBUJO DE NIÑA TIPO ACUARELA,5,NOMBRE,on,FECHA,on,IGLESIA,off,LOCALIDAD,on,OBSERVACIONES,on,,,,,,,,on,on,on,off,off,off,on,,off,off
38835,PACK DE RECORDATORIO CUADRADO CON DIBUJO DE NIÑA TIPO ACUARELA,5,NOMBRE,on,FECHA,on,IGLESIA,off,LOCALIDAD,on,OBSERVACIONES,on,,,,,,,,on,on,on,off,off,off,on,,off,off
38902,PACK DE RECORDATORIO CUADRADO CON DIBUJO NIÑO COMUNIÓN TIPO ACUARELA,5,NOMBRE,on,FECHA,on,IGLESIA,off,LOCALIDAD,on,OBSERVACIONES,on,,,,,,,,on,on,on,off,off,off,on,,off,off
38907,PACK RECORDATORIO MARCAPÁGINA CON DIBUJO NIÑO COMUNIÓN TIPO ACUARELA,5,NOMBRE,on,FECHA,on,IGLESIA,off,LOCALIDAD,on,OBSERVACIONES,on,,,,,,,,on,on,on,off,off,off,on,,off,off
38913,PACK RECORDATORIO CON DIBUJO NIÑO COMUNIÓN TIPO ACUARELA,5,NOMBRE,on,FECHA,on,IGLESIA,off,LOCALIDAD,on,OBSERVACIONES,on,,,,,,,,on,on,on,off,off,off,on,,off,off
39001,PACK RECORDATORIO  RECTANGULAR CON NIÑA COMUNIÓN TIPO ACUARELA,5,NOMBRE,on,FECHA,on,IGLESIA,off,LOCALIDAD,on,OBSERVACIONES,on,,,,,,,,on,on,on,off,off,off,on,,off,off
39608,ÁLBUM CON ESPIRAL PERSONALIZADO CON DIBUJO DE NIÑO TIPO ACUARELA,5,NOMBRE,on,FECHA,on,IGLESIA,on,LOCALIDAD,on,OBSERVACIONES,on,,,,,,,,on,on,on,on,off,off,on,,off,off
35941,ÁLBUM ARTESANAL PARA BEBÉ PERSONALIZADO CON OSITO,5,NOMBRE,on,FECHA,on,IGLESIA,on,LOCALIDAD,on,OBSERVACIONES,on,,,,,,,,on,on,on,on,off,off,on,,off,off
40225,ÁLBUM ARTESANAL CON BEBÉ DORMIDO,5,NOMBRE,on,FECHA,on,IGLESIA,on,LOCALIDAD,on,OBSERVACIONES,on,,,,,,,,on,on,on,on,off,off,on,,off,off
23011,LIBRO DE FIRMAS CON INICIAL CON FLORES (NIÑA),6,NOMBRE,on,FECHA,on,IGLESIA,on,LOCALIDAD,on,OBSERVACIONES,on,,,,,,,,on,on,on,on,off,off,on,,off,off
27073,"LIBRO DE FIRMAS DE TELA COLECCIÓN “inicial dorada"" apaisado con lazo",6,NOMBRE,on,FECHA,on,IGLESIA,off,LOCALIDAD,off,OBSERVACIONES,on,,,,,,,,on,on,off,off,off,off,on,,off,off
25008,LIBRO DE FIRMAS DE COMUNION DE TELA CON  CORONA DE FLORES PERSONALIZADO,6,NOMBRE,on,FECHA,on,IGLESIA,on,LOCALIDAD,on,OBSERVACIONES,on,,,,,,,,on,on,on,on,off,off,on,,off,off
22131,LIBRO DE FIRMAS DE COMUNION  PARA NIÑO CON  CORONA VERDE,6,NOMBRE,on,FECHA,on,IGLESIA,on,LOCALIDAD,on,OBSERVACIONES,on,,,,,,,,on,on,on,on,off,off,on,,off,off
24886,ESPEJO DE BOLSILLO O IMÁN CON DIBUJO DE NIÑO PERSONALIZADO,6,NOMBRE,on,FECHA,on,IGLESIA,off,LOCALIDAD,off,OBSERVACIONES,on,,,,,,,,on,on,off,off,off,off,on,,off,off
28258,LIBRO DE FIRMAS VICHY DE PRIMERA COMUNIÓN CON NIÑO PERSONALIZADO,6,NOMBRE,on,FECHA,on,IGLESIA,on,LOCALIDAD,on,OBSERVACIONES,on,,,,,,,,on,on,on,on,off,off,on,,off,off
32951,INVITACIÓN DIGITAL DE COMUNIÓN CON CUADROS VICHY,6,NOMBRE,on,FECHA,on,IGLESIA,on,LOCALIDAD,on,RESTAURANTE/ LUGAR DE CELEBRACIÓN ,on,HORA DEL EVENTO,on,,,,,,on,on,on,on,off,on,off,,on,off
32960,INVITACIÓN DIGITAL DE COMUNIÓN CON CORONA,6,NOMBRE,on,FECHA,on,IGLESIA,on,LOCALIDAD,on,RESTAURANTE/ LUGAR DE CELEBRACIÓN ,on,HORA DEL EVENTO,on,,,,,,on,on,on,on,off,on,off,,on,off
36118,INVITACIÓN DIGITAL CON FLORES LIBERTY,6,NOMBRE,on,FECHA,on,IGLESIA,on,LOCALIDAD,on,RESTAURANTE/ LUGAR DE CELEBRACIÓN ,on,HORA DEL EVENTO,on,,,,,,on,on,on,on,off,on,off,,on,off
36249,LIBRO DE FIRMAS ARTESANAL PARA COMUNIÓN PERSONALIZADO CON FÚTBOL,6,NOMBRE,on,FECHA,on,IGLESIA,on,LOCALIDAD,on,OBSERVACIONES,off,,on,,,,,,on,on,on,on,off,off,off,,off,off
40189,INVITACIÓN DIGITAL CON FÚTBOL,6,NOMBRE,on,FECHA,on,IGLESIA,on,LOCALIDAD,on,RESTAURANTE/ LUGAR DE CELEBRACIÓN ,on,HORA DEL EVENTO,on,,,,,,on,on,on,on,off,on,off,,on,off
40204,INVITACIÓN DIGITAL DE COMUNIÓN CON FÚTBOL,6,NOMBRE,on,FECHA,on,IGLESIA,on,LOCALIDAD,on,RESTAURANTE/ LUGAR DE CELEBRACIÓN ,on,HORA DEL EVENTO,on,,,,,,on,on,on,on,off,on,off,,on,off
40470,LIBRO DE FIRMAS ARTESANAL PARA COMUNIÓN PERSONALIZADO CON DIBUJO DE UN ANCLA,6,NOMBRE,on,FECHA,on,IGLESIA,on,LOCALIDAD,on,OBSERVACIONES,off,,on,,,,,,on,on,on,on,off,off,off,,off,off
25018,LIBRO DE FIRMAS DE PRIMERA COMUNIÓN DE TELA Y NIÑO PERSONALIZADO,7,NOMBRE,on,FECHA,on,IGLESIA,on,LOCALIDAD,on,OBSERVACIONES,on,OBSERVACIONES,on,,,,,,on,on,on,on,off,off,on,,off,off
38216,PACK COMUNIÓN PREMIUM - CORONA DE FLORES,7,NOMBRE,on,FECHA,on,IGLESIA,on,LOCALIDAD,on,HORA MISA,on,RESTAURANTE/LUGAR DE LA CELEBRACION,on,OBSERVACIONES,on,,,,on,on,on,on,on,off,on,,off,off
38243,PACK BASICO COMUNIÓN CON DIBUJO DE NIÑO TIPO ACUARELA,7,NOMBRE,on,FECHA,on,IGLESIA,on,LOCALIDAD,on,HORA MISA,on,NOMBRE RESTAURANTE /LUGAR DE LA CELEBRACION,on,OBSERVACIONES,on,,,,on,on,on,on,on,off,on,,off,off
40563,PACK COMUNIÓN ESENCIAL - DIBUJO DE NIÑO TIPO ACUARELA,7,NOMBRE,on,FECHA,on,IGLESIA,on,LOCALIDAD,on,HORA MISA,on,NOMBRE RESTAURANTE /LUGAR DE LA CELEBRACION,on,OBSERVACIONES,on,,,,on,on,on,on,on,off,on,,off,off
40648,PACK COMUNIÓN PREMIUM - CORONA DE FLORES,7,NOMBRE,off,FECHA,off,IGLESIA,off,LOCALIDAD,off,HORA MISA,off,RESTAURANTE/LUGAR DE LA CELEBRACION,off,OBSERVACIONES,off,,,,off,off,off,off,off,off,off,,off,off
22706,MINUTA - TARJETA  MENÚ COMUNIÓN DE NIÑO,4,NOMBRE,on,FECHA,on,MENU,on,LOCALIDAD,off,,,,,,,,,,on,on,off,off,off,off,off,,off,off
20900,RECORDATORIO CUADRADO CON FLORES AZULES,5,NOMBRE,on,FECHA,off,NOMBRE IGLESIA,on,LOCALIDAD,on,,,,,,,,,,on,off,on,off,off,off,off,,off,off
20906,RECORDATORIO CUADRADO CON FLORES ROSAS,5,NOMBRE,on,FECHA,off,NOMBRE IGLESIA,on,LOCALIDAD,on,,,,,,,,,,on,off,on,off,off,off,off,,off,off
21192,RECORDATORIO DOBLE CON INICIAL CON CUADROS VICHY,5,NOMBRE,on,FECHA,on,NOMBRE IGLESIA,on,LOCALIDAD,on,,,,,,,,,,on,on,on,off,off,off,off,,off,off
33138,RECORDATORIO ALARGADO CON INICIAL (copia),5,NOMBRE,on,FECHA,on,NOMBRE IGLESIA,on,LOCALIDAD,on,,,,,,,,,,on,on,on,off,off,off,off,,off,off
28354,DETALLE  COMUNIÓN LÁPIZ CON NOMBRE DE MADERA MONTADO EN CARTULINA PERSONALIZADA,4,NOMBRE,on,FECHA,on,NOMBRES DE MADERA,on,LOCALIDAD,off,,,,,,,,,,on,on,off,off,off,off,off,,off,off
27632,"INVITACIÓN BODA colección ""HORTENSIA""",5,NOMBRE,on,FECHA,on,"TEXTO DE LA INVITACIÓN
",on,LOCALIDAD,off,RESTAURANTE/ LUGAR DE CELEBRACIÓN ,off,,,,,,,,on,on,off,off,off,off,off,,off,off
27680,"INVITACIÓN BODA colección ""GRANATE""",5,NOMBRE,on,FECHA,on,"TEXTO DE LA INVITACIÓN
",on,LOCALIDAD,off,RESTAURANTE/ LUGAR DE CELEBRACIÓN ,off,,,,,,,,on,on,off,off,off,off,off,,off,off
27810,"INVITACIÓN BODA colección ""CORONA FRAMBUESA""",5,NOMBRE,on,FECHA,on,"TEXTO DE LA INVITACIÓN
",on,LOCALIDAD,off,RESTAURANTE/ LUGAR DE CELEBRACIÓN ,off,,,,,,,,on,on,off,off,off,off,off,,off,off
28088,"INVITACIÓN BODA colección ""CAMPESTRE""",5,NOMBRE,on,FECHA,on,"TEXTO DE LA INVITACIÓN
",on,LOCALIDAD,off,RESTAURANTE/ LUGAR DE CELEBRACIÓN ,off,,,,,,,,on,on,off,off,off,off,off,,off,off
28152,"INVITACIÓN BODA colección ""LILA""",5,NOMBRE,on,FECHA,on,"TEXTO DE LA INVITACIÓN
",on,LOCALIDAD,off,RESTAURANTE/ LUGAR DE CELEBRACIÓN ,off,,,,,,,,on,on,off,off,off,off,off,,off,off
36106,LIBRO DE FIRMAS DE TELA CON ETIQUETA LIBERTY,5,NOMBRE,on,FECHA,on,IGLESIA,on,LOCALIDAD ,on,OBSERVACIONES,on,,,,,,,,on,on,on,on,off,off,on,,off,off
36896,LIBRO DE FIRMAS DE TELA CON ETIQUETA CON DIBUJO NIÑA COMUNIÓN TIPO ACUARELA,5,NOMBRE,on,FECHA,on,IGLESIA,on,LOCALIDAD ,on,OBSERVACIONES,on,,,,,,,,on,on,on,on,off,off,on,,off,off
39626,ÁLBUM  CON ESPIRAL PERSONALIZADO CON DIBUJO NIÑA TIPO ACUARELA,5,NOMBRE,on,FECHA,on,IGLESIA,on,LOCALIDAD ,on,OBSERVACIONES,on,,,,,,,,on,on,on,on,off,off,on,,off,off
38258,PACK COMUNIÓN ESENCIAL -  DIBUJO NIÑA TIPO ACUARELA,8,NOMBRE,off,FECHA,off,IGLESIA,off,LOCALIDAD ,off,HORA MISA,off,RESTAURANTE/ LUGAR DE CELEBRACIÓN ,off,OBSERVACIONES,off,AÑADIR PULSERAS,off,,off,off,off,off,off,off,off,,off,off
26863,PULSERA CON CRUZ DE COLORES Y TARJETA PERSONALIZADA CON DIBUJO NIÑO DE COMUNIÓN,4,NOMBRE,on,FECHA,on,IGLESIA,off,OBSERVACIONES,on,,,,,,,,,,on,on,off,off,off,off,on,,off,off
23497,LIBRO DE FIRMAS CON CORONA  AZUL Y VERDE,5,NOMBRE,on,FECHA,off,IGLESIA,off,OBSERVACIONES,on,,,,,,,,,,on,off,off,off,off,off,on,,off,off
28326,LLAVERO CON INICIAL DE MADERA,4,NOMBRE,on,FECHA,on,PONER INICIAL ,on,OBSERVACIONES,on,,,,,,,,,,on,on,off,off,off,off,on,,off,off
38611,PACK DE LLAVEROS CON INICIAL DE MADERA,4,NOMBRE,on,FECHA,on,PONER INICIAL ,on,OBSERVACIONES,on,,,,,,,,,,on,on,off,off,off,off,on,,off,off
40109,LÁMINA PERSONALIZADA DE NACIMIENTO CON MARCO BLANCO – A4,5,NOMBRE,on,FECHA,on,MEDIDA,on,PESO,on,HORA NACIMIENTO,on,,,,,,,,on,on,off,off,off,off,off,,off,off
20118,LÁMINA DE NACIMIENTO DELICADA,5,NOMBRE,on,FECHA,on,LUGAR DE NACIMIENTO,on,PESO DEL BEBÉ,off,MEDIDA EN CM DEL BEBÉ,on,,,,,,,,on,on,off,off,off,off,off,,off,off
19768,LÁMINA DE NACIMIENTO MARRÓN,5,NOMBRE,on,FECHA,on,LUGAR DE NACIMIENTO,on,PESO DEL BEBÉ EN GR,on,MEDIDA DEL BEBÉ EN CM,on,,,,,,,,on,on,off,off,off,off,off,,off,off
19769,LÁMINA DE NACIMIENTO AZUL,5,NOMBRE,on,FECHA,on,LUGAR DE NACIMIENTO,on,PESO DEL BEBÉ EN GR,on,MEDIDA DEL BEBÉ EN CM,on,,,,,,,,on,on,off,off,off,off,off,,off,off
20573,LÁMINA DE NACIMIENTO CON ANIMALITOS DEL BOSQUE,4,NOMBRE,on,FECHA,on,MEDIDA DEL BEBÉ EN CM,on,PESO DEL BEBÉ EN GR,off,,,,,,,,,,on,on,off,off,off,off,off,,off,off
23777,LÁMINA DE NACIMIENTO CON OSITO CON CORONA,4,NOMBRE,on,FECHA,on,MEDIDA DEL BEBÉ EN CM,on,PESO DEL BEBÉ EN GR,off,,,,,,,,,,on,on,off,off,off,off,off,,off,off
23796,LÁMINA DE NACIMIENTO CON ELEFANTE SOBRE UNA NUBE,4,NOMBRE,on,FECHA,on,MEDIDA DEL BEBÉ EN CM,on,PESO DEL BEBÉ EN GR,off,,,,,,,,,,on,on,off,off,off,off,off,,off,off
23802,LÁMINA DE NACIMIENTO CON GATO EN ROSA,4,NOMBRE,on,FECHA,on,MEDIDA DEL BEBÉ EN CM,on,PESO DEL BEBÉ EN GR,off,,,,,,,,,,on,on,off,off,off,off,off,,off,off
23808,LÁMINA DE NACIMIENTO CON BEBÉ Y GUIRNALDA,4,NOMBRE,on,FECHA,on,MEDIDA DEL BEBÉ EN CM,on,PESO DEL BEBÉ EN GR,off,,,,,,,,,,on,on,off,off,off,off,off,,off,off
26873,CAJA PICNIC CON PEGATINA O ETIQUETA PERSONALIZADA,4,NOMBRE,on,FECHA,off,TEMÁTICA A ELEGIR DE LAS DISPONIBLES EN LA TIENDA,off,TEMÁTICA,on,,,,,,,,,,on,off,off,off,off,off,off,,off,off
26805,LLAVERO CON BORLA DE YUTE Y COLGANTE CON INICIAL,3,NOMBRE,on,FECHA,on,INICIAL,on,,,,,,,,,,,,on,on,off,off,off,off,off,,off,on
27662,"MENÚ DE BODA colección ""HORTENSIA""",3,NOMBRE,on,FECHA,on,MENÚ,on,,,,,,,,,,,,on,on,off,off,off,off,off,,off,off
27674,"TARJETA PARA NOMBRES DE MESAS colección ""HORTENSIA""",3,NOMBRE,on,FECHA,on,MENÚ,on,,,,,,,,,,,,on,on,off,off,off,off,off,,off,off
27675,"MISAL colección ""HORTENSIA""",3,NOMBRE,on,FECHA,on,MENÚ,on,,,,,,,,,,,,on,on,off,off,off,off,off,,off,off
27676,"MESERO colección ""HORTENSIA""",3,NOMBRE,on,FECHA,on,MENÚ,on,,,,,,,,,,,,on,on,off,off,off,off,off,,off,off
27693,"MESERO colección ""GRANATE""",3,NOMBRE,on,FECHA,on,MENÚ,on,,,,,,,,,,,,on,on,off,off,off,off,off,,off,off
27694,"TARJETA PARA NOMBRES DE MESAS colección ""GRANATE""",3,NOMBRE,on,FECHA,on,MENÚ,on,,,,,,,,,,,,on,on,off,off,off,off,off,,off,off
27696,"MENÚ DE BODA colección ""GRANATE""",3,NOMBRE,on,FECHA,on,MENÚ,on,,,,,,,,,,,,on,on,off,off,off,off,off,,off,off
27709,"MISAL colección ""GRANATE""",3,NOMBRE,on,FECHA,on,MENÚ,on,,,,,,,,,,,,on,on,off,off,off,off,off,,off,off
27843,"MENÚ DE BODA colección ""CORONA FRAMBUESA""",3,NOMBRE,on,FECHA,on,MENÚ,on,,,,,,,,,,,,on,on,off,off,off,off,off,,off,off
27844,"MESERO colección ""CORONA FRAMBUESA""",3,NOMBRE,on,FECHA,on,MENÚ,on,,,,,,,,,,,,on,on,off,off,off,off,off,,off,off
27847,"TARJETA PARA NOMBRES DE MESAS colección ""CORONA FRAMBUESA""",3,NOMBRE,on,FECHA,on,MENÚ,on,,,,,,,,,,,,on,on,off,off,off,off,off,,off,off
28085,"TARJETA PARA NOMBRES DE MESAS colección ""CAMPESTRE""",3,NOMBRE,on,FECHA,on,MENÚ,on,,,,,,,,,,,,on,on,off,off,off,off,off,,off,off
28087,"MENÚ DE BODA colección ""CAMPESTRE""",3,NOMBRE,on,FECHA,on,MENÚ,on,,,,,,,,,,,,on,on,off,off,off,off,off,,off,off
28146,"MENÚ DE BODA colección ""LILA""",3,NOMBRE,on,FECHA,on,MENÚ,on,,,,,,,,,,,,on,on,off,off,off,off,off,,off,off
28148,"TARJETA PARA NOMBRES DE MESAS colección ""LILA""",3,NOMBRE,on,FECHA,on,MENÚ,on,,,,,,,,,,,,on,on,off,off,off,off,off,,off,off
28170,"MISAL colección ""LILA""",3,NOMBRE,on,FECHA,on,MENÚ,on,,,,,,,,,,,,on,on,off,off,off,off,off,,off,off
28171,"MESERO colección ""LILA""",3,NOMBRE,on,FECHA,on,MENÚ,on,,,,,,,,,,,,on,on,off,off,off,off,off,,off,off
28172,"MESERO colección ""CAMPESTRE""",3,NOMBRE,on,FECHA,on,MENÚ,on,,,,,,,,,,,,on,on,off,off,off,off,off,,off,off
27854,"MISAL colección ""CORONA FRAMBUESA""",3,NOMBRE,on,FECHA,on,NOMBRE IGLESIA,on,,,,,,,,,,,,on,on,off,off,off,off,off,,off,off
28062,"MISAL colección ""CAMPESTRE""",3,NOMBRE,on,FECHA,on,NOMBRE IGLESIA,on,,,,,,,,,,,,on,on,off,off,off,off,off,,off,off
37923,PULSERA CON CRUZ DE COLORES SOBRE TARJETA CON CORONA PERSONALIZADA,3,NOMBRE,on,FECHA,on,OBSERVACIONES,on,,,,,,,,,,,,on,on,off,off,off,off,on,,off,off
25936,PULSERAS CON CUENTA REDONDA CON CRUZ Y CON CORDÓN DE ALGODÓN ENCERADO,3,NOMBRE,on,FECHA,on,OBSERVACIONES,on,,,,,,,,,,,,on,on,off,off,off,off,on,,off,off
26491,PULSERAS CON CRUCES DE COLORES Y CORDON DE ALGODÓN ENCERADO,3,NOMBRE,on,FECHA,on,OBSERVACIONES,on,,,,,,,,,,,,on,on,off,off,off,off,on,,off,off
28298,PULSERAS CON CRUCES DE COLORES Y CORDON DE ALGODÓN ENCERADO CON TARJETA VICHY,3,NOMBRE,on,FECHA,on,OBSERVACIONES,on,,,,,,,,,,,,on,on,off,off,off,off,on,,off,off
38536,TARJETA PULSERA,3,NOMBRE,on,FECHA,on,OBSERVACIONES,on,,,,,,,,,,,,on,on,off,off,off,off,on,,off,off
38583,PACK PULSERAS CON CRUCES DE COLORES Y CORDÓN DE ALGODÓN  ENCERADO,3,NOMBRE,on,FECHA,on,OBSERVACIONES,on,,,,,,,,,,,,on,on,off,off,off,off,on,,off,off
38601,PACK DE PULSERAS CON CRUCES DE COLORES Y CORDON DE ALGODÓN ENCERADO CON TARJETA VICHY,3,NOMBRE,on,FECHA,on,OBSERVACIONES,on,,,,,,,,,,,,on,on,off,off,off,off,on,,off,off
26440,PULSERAS CON ESTRELLA Y CON CORDÓN  DE ALGODÓN ENCERADO,3,NOMBRE,on,FECHA,on,OBSERVACIONES,on,,,,,,,,,,,,on,on,off,off,off,off,on,,off,off
36053,ETIQUETAS REDONDAS OSITO,3,NOMBRE,on,FECHA,off,OBSERVACIONES,on,,,,,,,,,,,,on,off,off,off,off,off,on,,off,off
28272,ETIQUETAS REDONDAS VICHY,3,NOMBRE,on,FECHA,on,OBSERVACIONES,on,,,,,,,,,,,,on,on,off,off,off,off,on,,off,off
36268,ETIQUETAS REDONDAS CON BALÓN DE FÚTBOL Y VICHY,3,NOMBRE,on,FECHA,off,OBSERVACIONES,on,,,,,,,,,,,,on,off,off,off,off,off,on,,off,off
26802,LLAVERO CON ESTRELLA Y COLGANTE,3,NOMBRE,on,FECHA,on,OBSERVACIONES,on,,,,,,,,,,,,on,on,off,off,off,off,on,,off,off
32627,LLAVERO CON CRUZ Y CORDÓN DE ALGODÓN ENCERADO,3,NOMBRE,on,FECHA,on,OBSERVACIONES,on,,,,,,,,,,,,on,on,off,off,off,off,on,,off,off
32747,"PULSERAS CON CRUCES Y CORDÓN DE ALGODÓN ENCERADO CON TARJETA  ""elefante""",3,NOMBRE,on,FECHA,on,OBSERVACIONES,on,,,,,,,,,,,,on,on,off,off,off,off,on,,off,off
28336,LLAVERO DE MADERA CON CRUZ O ESTRELLA,3,NOMBRE,on,FECHA,on,OSERVACIONES SOBRE EL PEDIDO,on,,,,,,,,,,,,on,on,off,off,off,off,off,,off,off
39083,PACK LLAVERO DE MADERA CON CRUZ O ESTRELLA,3,NOMBRE,on,FECHA,on,OSERVACIONES SOBRE EL PEDIDO,on,,,,,,,,,,,,on,on,off,off,off,off,off,,off,off
27735,LLAVERO CON BOLA DE MADERA Y COLGANTE INICIAL,3,NOMBRE,on,FECHA,on,PONER INICIAL ,on,,,,,,,,,,,,on,on,off,off,off,off,off,,off,off
26927,VASO KRAFT CON TAPA Y ETIQUETA PERSONALIZADA PARA CHUCHES,3,NOMBRE,on,FECHA,on,TEMÁTICA A ELEGIR DE LAS DISPONIBLES EN LA TIENDA,on,,,,,,,,,,,,on,on,off,off,off,off,off,,off,off
20008,LIBRO DEL PRIMER AÑO DEL BEBÉ PERSONALIZADO,1,NOMBRE,on,FECHA,off,,,,,,,,,,,,,,on,off,off,off,off,off,off,,off,off
20828,LÁMINA DE COMUNIÓN DE NIÑA PERSONALIZADA CON NOMBRE,1,NOMBRE,on,FECHA,off,,,,,,,,,,,,,,on,off,off,off,off,off,off,,off,off
20834,LÁMINA DE COMUNIÓN DE NIÑO PERSONALIZADA CON NOMBRE,1,NOMBRE,on,FECHA,off,,,,,,,,,,,,,,on,off,off,off,off,off,off,,off,off
33265,MOCHILA CON INICIAL Y NOMBRE,1,NOMBRE,on,FECHA,off,,,,,,,,,,,,,,on,off,off,off,off,off,off,,off,off
33275,BOLSA TOTE CON INICIAL Y NOMBRE,1,NOMBRE,on,FECHA,off,,,,,,,,,,,,,,on,off,off,off,off,off,off,,off,off
33278,MOCHILA CON ESTRELLA Y NOMBRE,1,NOMBRE,on,FECHA,off,,,,,,,,,,,,,,on,off,off,off,off,off,off,,off,off
33282,BOLSA TOTE CON ESTRELLA Y NOMBRE,1,NOMBRE,on,FECHA,off,,,,,,,,,,,,,,on,off,off,off,off,off,off,,off,off
33285,NECESER CON INICIAL Y NOMBRE,1,NOMBRE,on,FECHA,off,,,,,,,,,,,,,,on,off,off,off,off,off,off,,off,off
33289,NECESER CON INICIAL Y NOMBRE (copia),1,NOMBRE,on,FECHA,off,,,,,,,,,,,,,,on,off,off,off,off,off,off,,off,off
33291,NECESER CON ESTRELLA Y NOMBRE,1,NOMBRE,on,FECHA,off,,,,,,,,,,,,,,on,off,off,off,off,off,off,,off,off
33723,MOCHILA CON ESTRELLA Y NOMBRE (copia),1,NOMBRE,on,FECHA,off,,,,,,,,,,,,,,on,off,off,off,off,off,off,,off,off
33725,MOCHILA CON DIBUJO Y NOMBRE,1,NOMBRE,on,FECHA,off,,,,,,,,,,,,,,on,off,off,off,off,off,off,,off,off
33747,CUADERNO CON DIBUJO Y NOMBRE,1,NOMBRE,on,FECHA,off,,,,,,,,,,,,,,on,off,off,off,off,off,off,,off,off
35916,Tarta de Pañales Pequeña - Bebé dormido,1,NOMBRE,on,FECHA,off,,,,,,,,,,,,,,on,off,off,off,off,off,off,,off,off
35929,Tarta de Pañales Pequeña - Animalitos,1,NOMBRE,on,FECHA,off,,,,,,,,,,,,,,on,off,off,off,off,off,off,,off,off
36083,"PACK  ""BIENVENIDO AL MUNDO""",1,NOMBRE,on,FECHA,off,,,,,,,,,,,,,,on,off,off,off,off,off,off,,off,off
36094,MINIÁLBUM CON DIBUJO DE ANIMAL,1,NOMBRE,on,FECHA,off,,,,,,,,,,,,,,on,off,off,off,off,off,off,,off,off
36261,CUADERNO CON FLORES LIBERTY Y INICIAL,1,NOMBRE,on,FECHA,off,,,,,,,,,,,,,,on,off,off,off,off,off,off,,off,off
20062,"CAJA DE PALOMITAS PARA CHUCHES PARA COMUNIÓN, BAUTIZO, BODA O CUMPLEAÑOS",2,NOMBRE,on,FECHA,on,,,,,,,,,,,,,,on,on,off,off,off,off,off,,off,off
36183,VELA EN BOTE BLANCO CON ETIQUETA CON CORONA PERSONALIZADA,2,NOMBRE,on,FECHA,on,,,,,,,,,,,,,,on,on,off,off,off,off,off,,off,off
36194,VELA EN BOTE BLANCO CON ETIQUETA VICHY PERSONALIZADA,2,NOMBRE,on,FECHA,on,,,,,,,,,,,,,,on,on,off,off,off,off,off,,off,off
36199,VELA EN FRASCO DE CRISTAL AMBAR CON ETIQUETA VICHY PERSONALIZADA,2,NOMBRE,on,FECHA,on,,,,,,,,,,,,,,on,on,off,off,off,off,off,,off,off
36205,VELA EN FRASCO CON ETIQUETA CON CORONA PERSONALIZADA,2,NOMBRE,on,FECHA,on,,,,,,,,,,,,,,on,on,off,off,off,off,off,,off,off
36349,BÁLSAMO LABIAL CON ETIQUETA  PERSONALIZADA CON CORONA,2,NOMBRE,on,FECHA,on,,,,,,,,,,,,,,on,on,off,off,off,off,off,,off,off
36566,VELA EN BOTE BLANCO CON ETIQUETA,2,NOMBRE,off,FECHA,off,,,,,,,,,,,,,,off,off,off,off,off,off,off,,off,off
36667,BÁLSAMO LABIAL CON ETIQUETA  PERSONALIZADA CON DIBUJOS A ELEGIR,2,NOMBRE,on,FECHA,on,,,,,,,,,,,,,,on,on,off,off,off,off,off,,off,off
36674,CAJA MARIPOSA EN BLANCO O KRAFT CON ETIQUETA PERSONALIZADA,2,NOMBRE,on,FECHA,on,,,,,,,,,,,,,,on,on,off,off,off,off,off,,off,off
36684,BÁLSAMO LABIAL CON ETIQUETA  PERSONALIZADA CON VICHY,2,NOMBRE,on,FECHA,on,,,,,,,,,,,,,,on,on,off,off,off,off,off,,off,off
36689,BÁLSAMO LABIAL CON ETIQUETA  PERSONALIZADA,2,NOMBRE,off,FECHA,off,,,,,,,,,,,,,,off,off,off,off,off,off,off,,off,off
38018,CRUZ DE MADERA CON CORDÓN AJUSTABLE Y CARTULINA PERSONALIZADA,2,NOMBRE,on,FECHA,on,,,,,,,,,,,,,,on,on,off,off,off,off,off,,off,off
24974,BOTE PARA CHUCHES CON ETIQUETA PERSONALIZADA,2,NOMBRE,on,FECHA,on,,,,,,,,,,,,,,on,on,off,off,off,off,off,,off,off
25689,PULSERAS CON CRUZ Y CORDÓN DE ALGODON EN TONOS PASTELES,2,NOMBRE,on,FECHA,on,,,,,,,,,,,,,,on,on,off,off,off,off,off,,off,off
25710,GARGANTILLA CON CRUZ PLATEADA,2,NOMBRE,on,FECHA,on,,,,,,,,,,,,,,on,on,off,off,off,off,off,,off,off
25733,CUADERNO KRAFT A5 CON PORTADA PERSONALIZADA CON CORONA,2,NOMBRE,on,FECHA,on,,,,,,,,,,,,,,on,on,off,off,off,off,off,,off,off
26519,"PULSERAS CON CRUCES DE COLORES Y CORDON DE ALGODÓN ENCERADO CON TARJETA COLECCIÓN  ""pájaro""",2,NOMBRE,on,FECHA,on,,,,,,,,,,,,,,on,on,off,off,off,off,off,,off,off
26390,PULSERAS CON CUENTA REDONDA CON CORAZÓN CON CORDÓN  DE ALGODÓN ENCERADO,2,NOMBRE,on,FECHA,on,,,,,,,,,,,,,,on,on,off,off,off,off,off,,off,off
26419,PULSERAS CON CUENTA REDONDA CON ESTRELLA DORADA CON CORDÓN  DE ALGODÓN ENCERADO,2,NOMBRE,on,FECHA,on,,,,,,,,,,,,,,on,on,off,off,off,off,off,,off,off
36318,PULSERAS CON CUENTA REDONDA PASTEL CON CORAZÓN DORADO,2,NOMBRE,on,FECHA,on,,,,,,,,,,,,,,on,on,off,off,off,off,off,,off,off
27541,PULSERAS CON ESTRELLA Y CON CORDÓN  DE ALGODÓN ENCERADO PARA BODA CON TARJETA PERSONALIZADA,2,NOMBRE,on,FECHA,on,,,,,,,,,,,,,,on,on,off,off,off,off,off,,off,off
36365,TARRINA BLANCA O KRAFT CON ETIQUETA PERSONALIZADA,2,NOMBRE,off,FECHA,off,,,,,,,,,,,,,,off,off,off,off,off,off,off,,off,off
36578,TARRINA BLANCA O KRAFT CON ETIQUETA VICHY PERSONALIZADA,2,NOMBRE,on,FECHA,on,,,,,,,,,,,,,,on,on,off,off,off,off,off,,off,off
36590,TARRINA BLANCA O KRAFT CON ETIQUETA CON CORONA PERSONALIZADA,2,NOMBRE,on,FECHA,on,,,,,,,,,,,,,,on,on,off,off,off,off,off,,off,off
36602,TARRINA BLANCA O KRAFT CON ETIQUETA DIBUJOS PERSONALIZADA,2,NOMBRE,on,FECHA,on,,,,,,,,,,,,,,on,on,off,off,off,off,off,,off,off
36998,LÁMINA A4 CON MOTIVOS VARIOS PARA COMUNIÓN CON MARCO BLANCO,2,NOMBRE,on,FECHA,on,,,,,,,,,,,,,,on,on,off,off,off,off,off,,off,off
37004,TARRINA BLANCA O KRAFT CON ETIQUETA CON CORONA PERSONALIZADA (copia),2,NOMBRE,on,FECHA,on,,,,,,,,,,,,,,on,on,off,off,off,off,off,,off,off
37010,LÁMINA A4 CON CORONA PARA COMUNIÓN CON MARCO BLANCO,2,NOMBRE,on,FECHA,on,,,,,,,,,,,,,,on,on,off,off,off,off,off,,off,off
37017,LÁMINA A4 PARA COMUNIÓN CON MARCO BLANCO (copia),2,NOMBRE,on,FECHA,on,,,,,,,,,,,,,,on,on,off,off,off,off,off,,off,off
20416,KIT PARA FIESTA - BAUTIZO (NIÑA),2,NOMBRE,on,FECHA,on,,,,,,,,,,,,,,on,on,off,off,off,off,off,,off,off
20429,KIT PARA FIESTA - BAUTIZO (NIÑO),2,NOMBRE,on,FECHA,on,,,,,,,,,,,,,,on,on,off,off,off,off,off,,off,off
27647,"ETIQUETAS REDONDAS BODA colección ""HORTENSIA""",2,NOMBRE,on,FECHA,on,,,,,,,,,,,,,,on,on,off,off,off,off,off,,off,off
27712,"ETIQUETAS REDONDAS BODA colección ""GRANATE""",2,NOMBRE,on,FECHA,on,,,,,,,,,,,,,,on,on,off,off,off,off,off,,off,off
20454,ETIQUETAS REDONDAS DE COMUNION (NIÑA),2,NOMBRE,on,FECHA,on,,,,,,,,,,,,,,on,on,off,off,off,off,off,,off,off
20467,ETIQUETA REDONDA DE COMUNIÓN  DE NIÑO,2,NOMBRE,on,FECHA,on,,,,,,,,,,,,,,on,on,off,off,off,off,off,,off,off
21210,CUADERNO CON INCIAL,2,NOMBRE,on,FECHA,on,,,,,,,,,,,,,,on,on,off,off,off,off,off,,off,off
21469,ETIQUETAS CON FORMA DE BEBÉ + ETIQUETA NOMBRE,2,NOMBRE,on,FECHA,on,,,,,,,,,,,,,,on,on,off,off,off,off,off,,off,off
21973,LÁMINA DE ARBOL DE HUELLAS DE COMUNIÓN NIÑA,2,NOMBRE,on,FECHA,on,,,,,,,,,,,,,,on,on,off,off,off,off,off,,off,off
22034,ETIQUETAS CUADRADA DE COMUNION CON NIÑA,2,NOMBRE,on,FECHA,on,,,,,,,,,,,,,,on,on,off,off,off,off,off,,off,off
22058,ETIQUETAS CUADRADA CON GUIRNALDA,2,NOMBRE,on,FECHA,on,,,,,,,,,,,,,,on,on,off,off,off,off,off,,off,off
22086,ETIQUETAS REDONDAS DE COMUNION CON GUIRNALDA,2,NOMBRE,on,FECHA,on,,,,,,,,,,,,,,on,on,off,off,off,off,off,,off,off
22302,ETIQUETAS DE COMUNION CON NIÑA (TIPO TAG),2,NOMBRE,on,FECHA,on,,,,,,,,,,,,,,on,on,off,off,off,off,off,,off,off
22332,ETIQUETAS CON CORONA (TIPO TAG),2,NOMBRE,on,FECHA,on,,,,,,,,,,,,,,on,on,off,off,off,off,off,,off,off
22469,BOLSITA DE CELOFÁN CON ETIQUETA DE NIÑA DE COMUNIÓN,2,NOMBRE,on,FECHA,on,,,,,,,,,,,,,,on,on,off,off,off,off,off,,off,off
22492,BOLSITA DE CELOFÁN CON ETIQUETA DE GUIRNALDA DE NIÑA,2,NOMBRE,on,FECHA,on,,,,,,,,,,,,,,on,on,off,off,off,off,off,,off,off
22516,BOLSITA DE CELOFÁN CON ETIQUETA DE NIÑO DE COMUNIÓN,2,NOMBRE,on,FECHA,on,,,,,,,,,,,,,,on,on,off,off,off,off,off,,off,off
22551,BOLSITA DE CELOFÁN CON ETIQUETA DE GUIRNALDA DE NIÑO,2,NOMBRE,on,FECHA,on,,,,,,,,,,,,,,on,on,off,off,off,off,off,,off,off
22577,LÁMINA DE ARBOL DE HUELLAS DE COMUNIÓN NIÑO,2,NOMBRE,on,FECHA,on,,,,,,,,,,,,,,on,on,off,off,off,off,off,,off,off
22831,ETIQUETAS REDONDAS CON FESTÓN DE COMUNION (NIÑA),2,NOMBRE,on,FECHA,on,,,,,,,,,,,,,,on,on,off,off,off,off,off,,off,off
22858,ETIQUETAS REDONDAS DE COMUNIÓN CON FESTÓN Y CON GUIRNALDA,2,NOMBRE,on,FECHA,on,,,,,,,,,,,,,,on,on,off,off,off,off,off,,off,off
23196,GUIRNALDA DE BANDERINES CON NOMBRE Y CORONA DE FLORES,2,NOMBRE,on,FECHA,off,,,,,,,,,,,,,,on,off,off,off,off,off,off,,off,off
23211,GUIRNALDA DE BANDERINES EN FORMA DE PENDÓN CON NOMBRE Y CORONA DE FLORES,2,NOMBRE,on,FECHA,off,,,,,,,,,,,,,,on,off,off,off,off,off,off,,off,off
24931,CUADERNO DE MANDALAS CON PORTADA PERSONALIZADA CON CORONA Y NOMBRE (NIÑA),2,NOMBRE,on,FECHA,on,,,,,,,,,,,,,,on,on,off,off,off,off,off,,off,off
24934,CUADERNO DE MANDALAS CON PORTADA PERSONALIZADA CON CORONA Y NOMBRE,2,NOMBRE,on,FECHA,on,,,,,,,,,,,,,,on,on,off,off,off,off,off,,off,off
24937,BOTE DE PINTURAS PARA COLOREAR PERSONALIZADO,2,NOMBRE,on,FECHA,on,,,,,,,,,,,,,,on,on,off,off,off,off,off,,off,off
25037,ESTUCHE DE MADERA CON LÁPICES DE COLORES,2,NOMBRE,on,FECHA,on,,,,,,,,,,,,,,on,on,off,off,off,off,off,,off,off
26537,"ETIQUETAS CUADRADA COLECCIÓN ""pájaro""",2,NOMBRE,on,FECHA,on,,,,,,,,,,,,,,on,on,off,off,off,off,off,,off,off
26540,"ETIQUETAS REDONDAS COLECCIÓN ""pájaro""",2,NOMBRE,on,FECHA,on,,,,,,,,,,,,,,on,on,off,off,off,off,off,,off,off
26560,"ETIQUETAS REDONDAS COLECCIÓN CORONA ""Sofía""",2,NOMBRE,on,FECHA,on,,,,,,,,,,,,,,on,on,off,off,off,off,off,,off,off
26564,"ETIQUETAS CUADRADA COLECCIÓN CORONA ""Sofía""",2,NOMBRE,on,FECHA,on,,,,,,,,,,,,,,on,on,off,off,off,off,off,,off,off
26962,"ETIQUETAS REDONDAS COLECCIÓN ""barquito de papel""",2,NOMBRE,on,FECHA,on,,,,,,,,,,,,,,on,on,off,off,off,off,off,,off,off
26982,"ETIQUETAS REDONDAS COLECCIÓN CORONA ""Martina""",2,NOMBRE,on,FECHA,on,,,,,,,,,,,,,,on,on,off,off,off,off,off,,off,off
27351,FAJÍN PARA BOTELLAS DE COMUNIÓN (NIÑA),2,NOMBRE,on,FECHA,on,,,,,,,,,,,,,,on,on,off,off,off,off,off,,off,off
27653,"MARCASITIO BODA colección ""HORTENSIA""",2,NOMBRE,off,FECHA,off,,,,,,,,,,,,,,off,off,off,off,off,off,off,,off,off
27706,"MARCASITIO BODA colección ""GRANATE""",2,NOMBRE,off,FECHA,off,,,,,,,,,,,,,,off,off,off,off,off,off,off,,off,off
27839,"MARCASITIO BODA colección ""CORONA FRAMBUESA""",2,NOMBRE,off,FECHA,off,,,,,,,,,,,,,,off,off,off,off,off,off,off,,off,off
28093,"MARCASITIO BODA colección ""CAMPESTRE""",2,NOMBRE,off,FECHA,off,,,,,,,,,,,,,,off,off,off,off,off,off,off,,off,off
28142,"MARCASITIO BODA colección ""LILA""",2,NOMBRE,off,FECHA,off,,,,,,,,,,,,,,off,off,off,off,off,off,off,,off,off
28280,ETIQUETAS TIPO TAG VICHY,2,NOMBRE,on,FECHA,on,,,,,,,,,,,,,,on,on,off,off,off,off,off,,off,off
22594,ETIQUETAS CUADRADA CON GUIRNALDA NIÑO,2,NOMBRE,on,FECHA,on,,,,,,,,,,,,,,on,on,off,off,off,off,off,,off,off
21484,KIT PARA FIESTA - CAPERUCITA ROJA,2,NOMBRE,off,FECHA,off,,,,,,,,,,,,,,off,off,off,off,off,off,off,,off,off
21508,KIT PARA FIESTA - BAILARINA,2,NOMBRE,on,FECHA,on,,,,,,,,,,,,,,on,on,off,off,off,off,off,,off,off
21526,KIT PARA FIESTA - UNICORNIO,2,NOMBRE,on,FECHA,on,,,,,,,,,,,,,,on,on,off,off,off,off,off,,off,off
21542,KIT PARA FIESTA - SIRENA,2,NOMBRE,off,FECHA,off,,,,,,,,,,,,,,off,off,off,off,off,off,off,,off,off
21551,KIT PARA FIESTA - ANIMALES DEL BOSQUE,2,NOMBRE,on,FECHA,on,,,,,,,,,,,,,,on,on,off,off,off,off,off,,off,off
23633,KIT PARA FIESTA - VIAJE,2,NOMBRE,on,FECHA,on,,,,,,,,,,,,,,on,on,off,off,off,off,off,,off,off
23649,KIT PARA FIESTA - PIRATAS,2,NOMBRE,on,FECHA,on,,,,,,,,,,,,,,on,on,off,off,off,off,off,,off,off
23661,KIT PARA FIESTA - OSO CUMPLEAÑOS,2,NOMBRE,on,FECHA,on,,,,,,,,,,,,,,on,on,off,off,off,off,off,,off,off
23672,KIT PARA FIESTA - CONEJITA CUMPLEAÑOS,2,NOMBRE,on,FECHA,on,,,,,,,,,,,,,,on,on,off,off,off,off,off,,off,off
23687,KIT PARA FIESTA - FLAMENCO,2,NOMBRE,on,FECHA,on,,,,,,,,,,,,,,on,on,off,off,off,off,off,,off,off
23700,KIT PARA FIESTA - JIRAFA ROSA,2,NOMBRE,on,FECHA,on,,,,,,,,,,,,,,on,on,off,off,off,off,off,,off,off
23816,KIT PARA FIESTA - GATITO,2,NOMBRE,on,FECHA,on,,,,,,,,,,,,,,on,on,off,off,off,off,off,,off,off
23853,KIT PARA FIESTA -LUNA,2,NOMBRE,on,FECHA,on,,,,,,,,,,,,,,on,on,off,off,off,off,off,,off,off
24574,KIT PARA FIESTA -COCHES,2,NOMBRE,on,FECHA,on,,,,,,,,,,,,,,on,on,off,off,off,off,off,,off,off
26451,KIT PARA FIESTA -PERRO SALCHICHA,2,NOMBRE,on,FECHA,on,,,,,,,,,,,,,,on,on,off,off,off,off,off,,off,off
20481,ETIQUETAS REDONDAS PARA BAUTIZO,2,NOMBRE,on,FECHA,on,,,,,,,,,,,,,,on,on,off,off,off,off,off,,off,off
21115,ETIQUETA REDONDA PARA BAUTIZO CON ANIMALES,2,NOMBRE,on,FECHA,on,,,,,,,,,,,,,,on,on,off,off,off,off,off,,off,off
22662,ETIQUETAS CUADRADA BAUTIZO CON ANIMAL,2,NOMBRE,on,FECHA,on,,,,,,,,,,,,,,on,on,off,off,off,off,off,,off,off
21175,ETIQUETA CON FONDO DE FLORES ROSAS,2,NOMBRE,on,FECHA,on,,,,,,,,,,,,,,on,on,off,off,off,off,off,,off,off
20964,ETIQUETA LEÓN,2,NOMBRE,on,FECHA,on,,,,,,,,,,,,,,on,on,off,off,off,off,off,,off,off
20978,ETIQUETA LUNARES,2,NOMBRE,on,FECHA,on,,,,,,,,,,,,,no,on,on,off,off,off,off,off,no,off,off
20995,ETIQUETA ESTRELLITAS,2,NOMBRE,on,FECHA,on,,,,,,,,,,,,,,on,on,off,off,off,off,off,,off,off
21134,ETIQUETA GUIRNALDA DE FLORES ROSAS,2,NOMBRE,on,FECHA,on,,,,,,,,,,,,,,on,on,off,off,off,off,off,,off,off
21148,ETIQUETA GUIRNALDA DE FLORES RUSTICAS AZULES,2,NOMBRE,on,FECHA,on,,,,,,,,,,,,,,on,on,off,off,off,off,off,,off,off
21162,ETIQUETA GUIRNALDA DE FLORES AZULES DELICADAS,2,NOMBRE,on,FECHA,on,,,,,,,,,,,,,,on,on,off,off,off,off,off,,off,off
25791,LLAVERO CON CRUZ Y CORDÓN DE ALGODÓN ENCERADO,2,NOMBRE,on,FECHA,on,,,,,,,,,,,,,,on,on,off,off,off,off,off,,off,off
26796,LLAVERO CON BORLA DE YUTE Y COLGANTE,2,NOMBRE,on,FECHA,on,,,,,,,,,,,,,,on,on,off,off,off,off,off,,off,off
27092,LLAVERO CON BOLA DE MADERA Y COLGANTE NÁCAR,2,NOMBRE,on,FECHA,on,,,,,,,,,,,,,,on,on,off,off,off,off,off,,off,off
28580,LLAVERO CON CRUZ DE COLOR HUESO Y CORDÓN DE ALGODÓN ENCERADO,2,NOMBRE,on,FECHA,on,,,,,,,,,,,,,,on,on,off,off,off,off,off,,off,off
36235,JABÓN DE MARSELLA CON BOLSA DE ALGODÓN Y ETIQUETA PERSONALIZADA,2,NOMBRE,on,FECHA,on,,,,,,,,,,,,,,on,on,off,off,off,off,off,,off,off
38605,LLAVERO CON BOLA DE MADERA Y COLGANTE NÁCAR (copia),2,NOMBRE,on,FECHA,on,,,,,,,,,,,,,,on,on,off,off,off,off,off,,off,off
38607,PACK DE LLAVERO CON BOLA DE MADERA Y COLGANTE NÁCAR,2,NOMBRE,on,FECHA,on,,,,,,,,,,,,,,on,on,off,off,off,off,off,,off,off
26813,LLAVERO CON ESTRELLA Y COLGANTE CON INICIAL,3,NOMBRE,on,FECHA,on,,off,,,,,,,,,,,,on,on,off,off,off,off,off,,off,off
32512,KIT PARA FIESTA - SIRENA,,,,,,,,,,,,,,,,,,yes,off,off,off,off,off,off,off,no,off,off
32712,"TARJETA PARA NOMBRES DE MESAS colección ""HORTENSIA""",,,,,,,,,,,,,,,,,,,off,off,off,off,off,off,off,,off,off
32717,"MESERO colección ""CORONA FRAMBUESA""",,,,,,,,,,,,,,,,,,,off,off,off,off,off,off,off,,off,off
32718,"MISAL colección ""CAMPESTRE""",,,,,,,,,,,,,,,,,,yes,off,off,off,off,off,off,off,no,off,off
32726,"MENÚ DE BODA colección ""LILA""",,,,,,,,,,,,,,,,,,,off,off,off,off,off,off,off,,off,off
32728,"MISAL colección ""LILA""",,,,,,,,,,,,,,,,,,,off,off,off,off,off,off,off,,off,off
32729,"MESERO colección ""CAMPESTRE""",,,,,,,,,,,,,,,,,,no,off,off,off,off,off,off,off,no,off,off
32746,"PULSERAS CON CRUCES DE COLORES Y CORDON DE ALGODÓN ENCERADO CON TARJETA COLECCIÓN  ""pájaro"" (copia)",,,,,,,,,,,,,,,,,,,off,off,off,off,off,off,off,,off,off
32748,CARTA PAPÁ NOEL gratis,,,,,,,,,,,,,,,,,,,off,off,off,off,off,off,off,,off,off
32749,CARTA REYES MAGOS gratis,,,,,,,,,,,,,,,,,,,off,off,off,off,off,off,off,,off,off
32750,KIT DE NAVIDAD gratis,,,,,,,,,,,,,,,,,,,off,off,off,off,off,off,off,,off,off
32751,ETIQUETAS REYES MAGOS gratis,,,,,,,,,,,,,,,,,,,off,off,off,off,off,off,off,,off,off
32752,ETIQUETAS PAPÁ NOEL gratis,,,,,,,,,,,,,,,,,,,off,off,off,off,off,off,off,,off,off
32782,ETIQUETAS NAVIDAD gratis,,,,,,,,,,,,,,,,,,,off,off,off,off,off,off,off,,off,off
32784,ETIQUETA REDONDA DE COMUNIÓN  DE NIÑO (copia),,,,,,,,,,,,,,,,,,,off,off,off,off,off,off,off,,off,off
,,,,,,,,,,,,,,,,,,,,off,off,off,off,off,off,off,,off,off
,,,,,,,,,,,,,,,,,,,,off,off,off,off,off,off,off,,off,off
,,,,,,,,,,,,,,,,,,,,off,off,off,off,off,off,off,,off,off
,,,,,,,,,,,,,,,,,,,,off,off,off,off,off,off,off,,off,off
,,,,,,,,,,,,,,,,,,,,off,off,off,off,off,off,off,,off,off
,,,,,,,,,,,,,,,,,,,,off,off,off,off,off,off,off,,off,off
,,,,,,,,,,,,,,,,,,,,off,off,off,off,off,off,off,,off,off
,,,,,,,,,,,,,,,,,,,,off,off,off,off,off,off,off,,off,off
,,,,,,,,,,,,,,,,,,,,off,off,off,off,off,off,off,,off,off
,,,,,,,,,,,,,,,,,,,,off,off,off,off,off,off,off,,off,off
,,,,,,,,,,,,,,,,,,,,off,off,off,off,off,off,off,,off,off
,,,,,,,,,,,,,,,,,,,,off,off,off,off,off,off,off,,off,off
,,,,,,,,,,,,,,,,,,,,off,off,off,off,off,off,off,,off,off
,,,,,,,,,,,,,,,,,,,,off,off,off,off,off,off,off,,off,off
,,,,,,,,,,,,,,,,,,,,off,off,off,off,off,off,off,,off,off
,,,,,,,,,,,,,,,,,,,,off,off,off,off,off,off,off,,off,off
,,,,,,,,,,,,,,,,,,,,off,off,off,off,off,off,off,,off,off
,,,,,,,,,,,,,,,,,,,,off,off,off,off,off,off,off,,off,off
,,,,,,,,,,,,,,,,,,,,off,off,off,off,off,off,off,,off,off
,,,,,,,,,,,,,,,,,,,,off,off,off,off,off,off,off,,off,off
,,,,,,,,,,,,,,,,,,,,off,off,off,off,off,off,off,,off,off
,,,,,,,,,,,,,,,,,,,,off,off,off,off,off,off,off,,off,off
,,,,,,,,,,,,,,,,,,,,off,off,off,off,off,off,off,,off,off
,,,,,,,,,,,,,,,,,,,,off,off,off,off,off,off,off,,off,off
,,,,,,,,,,,,,,,,,,,yes,off,off,off,off,off,off,off,no,off,off
,,,,,,,,,,,,,,,,,,,,off,off,off,off,off,off,off,,off,off
,,,,,,,,,,,,,,,,,,,yes,off,off,off,off,off,off,off,yes,off,off
,,,,,,,,,,,,,,,,,,,yes,off,off,off,off,off,off,off,no,off,off
,,,,,,,,,,,,,,,,,,,yes,off,off,off,off,off,off,off,no,off,off
,,,,,,,,,,,,,,,,,,,yes,off,off,off,off,off,off,off,no,off,off
