ID,Tipo,SKU,Nombre,Publicado,¿Permitir reservas de productos agotados?,¿Vendido individualmente?,Peso (kg),Longitud (cm),Anchura (cm),Altura (cm),¿Permitir valoraciones de clientes?,Nota de compra,Precio rebajado,Precio normal,Categorías,Categorías Principales,Subcategorías,Etiquetas
20008,variable,AP-10018,LIBRO DEL PRIMER AÑO DEL BEBÉ PERSONALIZADO,1,0,0,,,,,0,,,,"BAUTIZO - BEBÉ > LIBROS DE FIRMA, LIBROS DE FIRMAS, LIBROS DE FIRMAS > BAUTIZO, BAUTIZO - BEBÉ, BAUTIZO - BEBÉ > ALBUM DE FOTOS PRIMER AÑO BEBÉ","BAUTIZO - BEBÉ, LIBROS DE FIRMAS","BAUTIZO - BEBÉ > LIBROS DE FIRMA, LIBROS DE FIRMAS > BAUTIZO, BAUTIZO - BEBÉ > ALBUM DE FOTOS PRIMER AÑO BEBÉ","Foto, Infantil, Personalizado, Recuerdo, Regalo"
20060,variable,AP-10048,LIBRO DE FIRMAS DE COMUNIÓN MORADO Y PERSONALIZADO (NIÑA),-1,0,0,,,,,0,Gracias por tu compra.,,,"LIBROS DE FIRMAS > COMUNIÓN, LIBROS DE FIRMAS, COMUNIÓN > LIBROS DE FIRMAS, COMUNIÓN, COMUNIÓN > COLECCIONES COMUNIÓN > COLECCIÓN ""niña vestida de comunión""","LIBROS DE FIRMAS, COMUNIÓN","LIBROS DE FIRMAS > COMUNIÓN, COMUNIÓN > LIBROS DE FIRMAS, COMUNIÓN > COLECCIONES COMUNIÓN > COLECCIÓN ""niña vestida de comunión""","Infantil, Personalizado, Recuerdo, Regalo"
20207,variable,AP-10061,LIBRO DE FIRMAS BAUTIZO CON BEBE DORMIDO,-1,0,0,,,,,0,Gracias por tu compra.,,,"BAUTIZO - BEBÉ > LIBROS DE FIRMA, LIBROS DE FIRMAS, LIBROS DE FIRMAS > BAUTIZO, BAUTIZO - BEBÉ","BAUTIZO - BEBÉ, LIBROS DE FIRMAS","BAUTIZO - BEBÉ > LIBROS DE FIRMA, LIBROS DE FIRMAS > BAUTIZO","Bautizo, Infantil, Personalizado, Recuerdo, Regalo"
20377,variable,AP-10065,LIBRO DE FIRMAS BAUTIZO CON BEBE SONRIENTE,-1,0,0,,,,,0,Gracias por tu compra.,,,"BAUTIZO - BEBÉ > LIBROS DE FIRMA, LIBROS DE FIRMAS, LIBROS DE FIRMAS > BAUTIZO, BAUTIZO - BEBÉ","BAUTIZO - BEBÉ, LIBROS DE FIRMAS","BAUTIZO - BEBÉ > LIBROS DE FIRMA, LIBROS DE FIRMAS > BAUTIZO","Bautizo, Infantil, Personalizado, Recuerdo, Regalo"
20624,variable,AP-10093,LIBRO DE FIRMAS DE COMUNION  EN KRAFT CON GUIRNALDA DE FLORES,-1,0,0,,,,,0,Gracias por tu compra.,,,"LIBROS DE FIRMAS > COMUNIÓN, LIBROS DE FIRMAS, COMUNIÓN > LIBROS DE FIRMAS, COMUNIÓN, COMUNIÓN > COLECCIONES COMUNIÓN > COLECCIÓN ""niña vestida de comunión""","LIBROS DE FIRMAS, COMUNIÓN","LIBROS DE FIRMAS > COMUNIÓN, COMUNIÓN > LIBROS DE FIRMAS, COMUNIÓN > COLECCIONES COMUNIÓN > COLECCIÓN ""niña vestida de comunión""","COMUNIÓN, Infantil, Libro de firma, Libro de firmas, Personalizado, Recuerdo, Regalo"
20630,variable,AP-10105,LIBRO DE FIRMAS DE COMUNION  EN KRAFT CON ETIQUETA REDONDA,-1,0,0,,,,,0,Gracias por tu compra.,,,"LIBROS DE FIRMAS > COMUNIÓN, LIBROS DE FIRMAS, COMUNIÓN > LIBROS DE FIRMAS, COMUNIÓN","LIBROS DE FIRMAS, COMUNIÓN","LIBROS DE FIRMAS > COMUNIÓN, COMUNIÓN > LIBROS DE FIRMAS","COMUNIÓN, Infantil, Libro de firma, Libro de firmas, Personalizado, Recuerdo, Regalo"
20637,variable,AP-10123,LIBRO DE FIRMAS DE COMUNION  EN KRAFT CON ETIQUETA REDONDA AZUL DE NIÑO,-1,0,0,,,,,0,Gracias por tu compra.,,,"LIBROS DE FIRMAS > COMUNIÓN, LIBROS DE FIRMAS, COMUNIÓN > LIBROS DE FIRMAS, COMUNIÓN","LIBROS DE FIRMAS, COMUNIÓN","LIBROS DE FIRMAS > COMUNIÓN, COMUNIÓN > LIBROS DE FIRMAS","COMUNIÓN, Infantil, Libro de firma, Libro de firmas, Personalizado, Recuerdo, Regalo"
20978,variable,AP-10172,ETIQUETA LUNARES,1,0,0,,,,,1,,,,"COMUNIÓN, BAUTIZO - BEBÉ, COMUNIÓN > ETIQUETAS, BAUTIZO - BEBÉ > ETIQUETAS","COMUNIÓN, BAUTIZO - BEBÉ","COMUNIÓN > ETIQUETAS, BAUTIZO - BEBÉ > ETIQUETAS","Bautizo, COMUNIÓN, Etiquetas, FIESTAS, Infantil, Personalizado"
20995,variable,AP-10175,ETIQUETA ESTRELLITAS,1,0,0,,,,,1,,,,"COMUNIÓN, BAUTIZO - BEBÉ, COMUNIÓN > ETIQUETAS, BAUTIZO - BEBÉ > ETIQUETAS","COMUNIÓN, BAUTIZO - BEBÉ","COMUNIÓN > ETIQUETAS, BAUTIZO - BEBÉ > ETIQUETAS","Bautizo, COMUNIÓN, Etiquetas, FIESTAS, Infantil, Personalizado"
21009,variable,AP-10177,"LIBRO DE FIRMAS BAUTIZO CON ELEFANTE, LEON O JIRAFA",1,0,0,,,,,0,Gracias por tu compra.,,,"BAUTIZO - BEBÉ > LIBROS DE FIRMA, LIBROS DE FIRMAS, LIBROS DE FIRMAS > BAUTIZO, BAUTIZO - BEBÉ","BAUTIZO - BEBÉ, LIBROS DE FIRMAS","BAUTIZO - BEBÉ > LIBROS DE FIRMA, LIBROS DE FIRMAS > BAUTIZO","Bautizo, Infantil, Personalizado, Recuerdo, Regalo"
21134,variable,AP-10188,ETIQUETA GUIRNALDA DE FLORES ROSAS,1,0,0,,,,,1,,,,"COMUNIÓN, BAUTIZO - BEBÉ, COMUNIÓN > ETIQUETAS, BAUTIZO - BEBÉ > ETIQUETAS","COMUNIÓN, BAUTIZO - BEBÉ","COMUNIÓN > ETIQUETAS, BAUTIZO - BEBÉ > ETIQUETAS","Bautizo, Etiquetas, FIESTAS, Infantil, Personalizado"
21148,variable,AP-10191,ETIQUETA GUIRNALDA DE FLORES RUSTICAS AZULES,1,0,0,,,,,1,,,,"COMUNIÓN, BAUTIZO - BEBÉ, COMUNIÓN > ETIQUETAS, BAUTIZO - BEBÉ > ETIQUETAS","COMUNIÓN, BAUTIZO - BEBÉ","COMUNIÓN > ETIQUETAS, BAUTIZO - BEBÉ > ETIQUETAS","Bautizo, Etiquetas, FIESTAS, Infantil, Personalizado"
21162,variable,AP-10194,ETIQUETA GUIRNALDA DE FLORES AZULES DELICADAS,1,0,0,,,,,1,,,,"COMUNIÓN, BAUTIZO - BEBÉ, COMUNIÓN > ETIQUETAS, BAUTIZO - BEBÉ > ETIQUETAS","COMUNIÓN, BAUTIZO - BEBÉ","COMUNIÓN > ETIQUETAS, BAUTIZO - BEBÉ > ETIQUETAS","Bautizo, Etiquetas, FIESTAS, Infantil, Personalizado"
21175,variable,AP-10197,ETIQUETA CON FONDO DE FLORES ROSAS,1,0,0,,,,,1,,,,"COMUNIÓN, BAUTIZO - BEBÉ, COMUNIÓN > ETIQUETAS, BAUTIZO - BEBÉ > ETIQUETAS","COMUNIÓN, BAUTIZO - BEBÉ","COMUNIÓN > ETIQUETAS, BAUTIZO - BEBÉ > ETIQUETAS","Bautizo, Etiquetas, FIESTAS, Infantil, Personalizado"
21672,variable,AP-10247,LIBRO DE FIRMAS BAUTIZO CON ANIMALES DEL BOSQUE,-1,0,0,,,,,0,Gracias por tu compra.,,,"BAUTIZO - BEBÉ > LIBROS DE FIRMA, LIBROS DE FIRMAS, LIBROS DE FIRMAS > BAUTIZO, BAUTIZO - BEBÉ","BAUTIZO - BEBÉ, LIBROS DE FIRMAS","BAUTIZO - BEBÉ > LIBROS DE FIRMA, LIBROS DE FIRMAS > BAUTIZO","Bautizo, Infantil, Personalizado, Recuerdo, Regalo"
21692,variable,AP-10256,"LÁMINA DE ÁRBOL DE HUELLAS CON ELEFANTE, LEON O JIRAFA",1,0,0,,,,,1,Gracias por tu compra.,,,"LIBROS DE FIRMAS, LIBROS DE FIRMAS > BAUTIZO, BAUTIZO - BEBÉ, BAUTIZO - BEBÉ > LÁMINAS - NATALICIOS","LIBROS DE FIRMAS, BAUTIZO - BEBÉ","LIBROS DE FIRMAS > BAUTIZO, BAUTIZO - BEBÉ > LÁMINAS - NATALICIOS","Bautizo, Infantil, Personalizado, Recuerdo, Regalo"
21855,variable,AP-10296,LIBRO DE FIRMAS DE COMUNION  PARA NIÑO CON  CORONA,1,0,0,,,,,0,Gracias por tu compra.,,,"LIBROS DE FIRMAS > COMUNIÓN, LIBROS DE FIRMAS, COMUNIÓN > LIBROS DE FIRMAS, COMUNIÓN","LIBROS DE FIRMAS, COMUNIÓN","LIBROS DE FIRMAS > COMUNIÓN, COMUNIÓN > LIBROS DE FIRMAS","COMUNIÓN, Infantil, Personalizado, Recuerdo, Regalo"
22058,variable,AP-10319,ETIQUETAS CUADRADA CON GUIRNALDA,1,0,0,,,,,0,,,,"COMUNIÓN, BAUTIZO - BEBÉ, COMUNIÓN > ETIQUETAS, BAUTIZO - BEBÉ > ETIQUETAS","COMUNIÓN, BAUTIZO - BEBÉ","COMUNIÓN > ETIQUETAS, BAUTIZO - BEBÉ > ETIQUETAS","COMUNIÓN, Etiquetas, FIESTAS, Infantil, Personalizado"
22086,variable,AP-10322,ETIQUETAS REDONDAS DE COMUNION CON GUIRNALDA,1,0,0,,,,,0,,,,"COMUNIÓN, BAUTIZO - BEBÉ, COMUNIÓN > ETIQUETAS, BAUTIZO - BEBÉ > ETIQUETAS","COMUNIÓN, BAUTIZO - BEBÉ","COMUNIÓN > ETIQUETAS, BAUTIZO - BEBÉ > ETIQUETAS","COMUNIÓN, Etiquetas, FIESTAS, Infantil, Personalizado"
22332,variable,AP-10338,ETIQUETAS CON CORONA (TIPO TAG),1,0,0,,,,,0,,,,"COMUNIÓN, BAUTIZO - BEBÉ, COMUNIÓN > ETIQUETAS, BAUTIZO - BEBÉ > ETIQUETAS","COMUNIÓN, BAUTIZO - BEBÉ","COMUNIÓN > ETIQUETAS, BAUTIZO - BEBÉ > ETIQUETAS","COMUNIÓN, Etiquetas, FIESTAS, Infantil, Personalizado"
22594,variable,AP-10415,ETIQUETAS CUADRADA CON GUIRNALDA NIÑO,1,0,0,,,,,1,,,,"COMUNIÓN, BAUTIZO - BEBÉ, COMUNIÓN > ETIQUETAS, BAUTIZO - BEBÉ > ETIQUETAS","COMUNIÓN, BAUTIZO - BEBÉ","COMUNIÓN > ETIQUETAS, BAUTIZO - BEBÉ > ETIQUETAS","COMUNIÓN, Etiquetas, FIESTAS, Infantil, Personalizado"
22887,variable,AP-10472,DETALLE  COMUNIÓN LÁPIZ MONTADO EN CARTULINA PERSONALIZADA PARA NIÑA,1,0,0,,,,,0,Gracias por tu compra.,,,"COMUNIÓN, COMUNIÓN > DETALLES COMUNIÓN, DETALLES > PAPELERÍA, COMUNIÓN > DETALLES COMUNIÓN > PAPELERÍA, COMUNIÓN > COLECCIONES COMUNIÓN > COLECCIÓN ""niña vestida de comunión""","COMUNIÓN, DETALLES","COMUNIÓN > DETALLES COMUNIÓN, DETALLES > PAPELERÍA, COMUNIÓN > DETALLES COMUNIÓN > PAPELERÍA, COMUNIÓN > COLECCIONES COMUNIÓN > COLECCIÓN ""niña vestida de comunión""","Infantil, Personalizado, Recordatorio, Recuerdo, Regalo"
22900,variable,AP-10475,DETALLE  COMUNIÓN LÁPIZ MONTADO EN CARTULINA PERSONALIZADA PARA NIÑO,1,0,0,,,,,0,Gracias por tu compra.,,,"COMUNIÓN, COMUNIÓN > DETALLES COMUNIÓN, DETALLES > PAPELERÍA, COMUNIÓN > DETALLES COMUNIÓN > PAPELERÍA, COMUNIÓN > COLECCIONES COMUNIÓN > COLECCIÓN ""niño vestido de comunión""","COMUNIÓN, DETALLES","COMUNIÓN > DETALLES COMUNIÓN, DETALLES > PAPELERÍA, COMUNIÓN > DETALLES COMUNIÓN > PAPELERÍA, COMUNIÓN > COLECCIONES COMUNIÓN > COLECCIÓN ""niño vestido de comunión""","COMUNIÓN, Etiquetas, Infantil, Personalizado, Recuerdo, Regalo"
22937,variable,AP-10482,LIBRO DE FIRMAS DE PRIMERA COMUNIÓN CON LOMO KRAFT Y NIÑO PERSONALIZADO,1,0,0,,,,,0,Gracias por tu compra.,,,"LIBROS DE FIRMAS > COMUNIÓN, LIBROS DE FIRMAS, COMUNIÓN > LIBROS DE FIRMAS, COMUNIÓN, COMUNIÓN > COLECCIONES COMUNIÓN > COLECCIÓN ""niño vestido de comunión""","LIBROS DE FIRMAS, COMUNIÓN","LIBROS DE FIRMAS > COMUNIÓN, COMUNIÓN > LIBROS DE FIRMAS, COMUNIÓN > COLECCIONES COMUNIÓN > COLECCIÓN ""niño vestido de comunión""","Infantil, Personalizado, Recuerdo, Regalo"
22967,variable,AP-10485,DETALLE  COMUNIÓN LÁPIZ MONTADO EN CARTULINA CON CORONA DE FLORES,1,0,0,,,,,0,Gracias por tu compra.,,,"COMUNIÓN, COMUNIÓN > DETALLES COMUNIÓN, DETALLES > PAPELERÍA, COMUNIÓN > DETALLES COMUNIÓN > PAPELERÍA","COMUNIÓN, DETALLES","COMUNIÓN > DETALLES COMUNIÓN, DETALLES > PAPELERÍA, COMUNIÓN > DETALLES COMUNIÓN > PAPELERÍA","Infantil, Personalizado, Recordatorio, Recuerdo, Regalo"
23011,variable,AP-10487,LIBRO DE FIRMAS CON INICIAL CON FLORES (NIÑA),-1,0,0,,,,,0,Gracias por tu compra.,,,"LIBROS DE FIRMAS > COMUNIÓN, LIBROS DE FIRMAS, COMUNIÓN > LIBROS DE FIRMAS, COMUNIÓN","LIBROS DE FIRMAS, COMUNIÓN","LIBROS DE FIRMAS > COMUNIÓN, COMUNIÓN > LIBROS DE FIRMAS","Infantil, Personalizado, Recuerdo, Regalo"
23313,variable,AP-10516,LÁMINA DE HUELLAS CON BAILARINA,1,0,0,,,,,0,Gracias por tu compra.,,,"BAUTIZO - BEBÉ, COMUNIÓN > LÁMINAS, BAUTIZO - BEBÉ > LÁMINAS - NATALICIOS","BAUTIZO - BEBÉ, COMUNIÓN","COMUNIÓN > LÁMINAS, BAUTIZO - BEBÉ > LÁMINAS - NATALICIOS","Bautizo, Infantil, Personalizado, Recuerdo, Regalo"
23326,variable,AP-10519,LÁMINA DE HUELLAS CON ELEFANTE,1,0,0,,,,,1,Gracias por tu compra.,,,"LIBROS DE FIRMAS, LIBROS DE FIRMAS > BAUTIZO, BAUTIZO - BEBÉ, BAUTIZO - BEBÉ > LÁMINAS - NATALICIOS","LIBROS DE FIRMAS, BAUTIZO - BEBÉ","LIBROS DE FIRMAS > BAUTIZO, BAUTIZO - BEBÉ > LÁMINAS - NATALICIOS","Bautizo, Infantil, Personalizado, Recuerdo, Regalo"
23453,variable,AP-10526,LIBRO DE FIRMAS CON MARCO DE FLORES,1,0,0,,,,,0,Gracias por tu compra.,,,"LIBROS DE FIRMAS > COMUNIÓN, LIBROS DE FIRMAS, COMUNIÓN > LIBROS DE FIRMAS, COMUNIÓN","LIBROS DE FIRMAS, COMUNIÓN","LIBROS DE FIRMAS > COMUNIÓN, COMUNIÓN > LIBROS DE FIRMAS","Infantil, Personalizado, Recuerdo, Regalo"
23482,variable,AP-10537,LIBRO DE FIRMAS CORONA DE FLORES SILVESTRES,1,0,0,,,,,0,Gracias por tu compra.,,,"LIBROS DE FIRMAS > COMUNIÓN, LIBROS DE FIRMAS, COMUNIÓN > LIBROS DE FIRMAS, COMUNIÓN","LIBROS DE FIRMAS, COMUNIÓN","LIBROS DE FIRMAS > COMUNIÓN, COMUNIÓN > LIBROS DE FIRMAS","Infantil, Personalizado, Recuerdo, Regalo"
23497,variable,AP-10548,LIBRO DE FIRMAS CON CORONA  AZUL Y VERDE,1,0,0,,,,,0,Gracias por tu compra.,,,"LIBROS DE FIRMAS > COMUNIÓN, LIBROS DE FIRMAS, COMUNIÓN > LIBROS DE FIRMAS, COMUNIÓN","LIBROS DE FIRMAS, COMUNIÓN","LIBROS DE FIRMAS > COMUNIÓN, COMUNIÓN > LIBROS DE FIRMAS","Infantil, Personalizado, Recuerdo, Regalo"
23502,variable,AP-10555,LIBRO DE FIRMAS CON CORONA DE MIMBRE CON HOJAS,1,0,0,,,,,0,Gracias por tu compra.,,,"LIBROS DE FIRMAS > COMUNIÓN, LIBROS DE FIRMAS, COMUNIÓN > LIBROS DE FIRMAS, COMUNIÓN","LIBROS DE FIRMAS, COMUNIÓN","LIBROS DE FIRMAS > COMUNIÓN, COMUNIÓN > LIBROS DE FIRMAS","Infantil, Personalizado, Recuerdo, Regalo"
23708,variable,AP-10604,LIBRO DE FIRMAS BAUTIZO CON JIRAFA EN AZUL,1,0,0,,,,,0,Gracias por tu compra.,,,"BAUTIZO - BEBÉ > LIBROS DE FIRMA, LIBROS DE FIRMAS, LIBROS DE FIRMAS > BAUTIZO, BAUTIZO - BEBÉ","BAUTIZO - BEBÉ, LIBROS DE FIRMAS","BAUTIZO - BEBÉ > LIBROS DE FIRMA, LIBROS DE FIRMAS > BAUTIZO","Bautizo, Infantil, Personalizado, Recuerdo, Regalo"
23713,variable,AP-10607,LIBRO DE FIRMAS BAUTIZO CON CONEJITO CON OSOS,-1,0,0,,,,,0,Gracias por tu compra.,,,"BAUTIZO - BEBÉ > LIBROS DE FIRMA, LIBROS DE FIRMAS, LIBROS DE FIRMAS > BAUTIZO, BAUTIZO - BEBÉ","BAUTIZO - BEBÉ, LIBROS DE FIRMAS","BAUTIZO - BEBÉ > LIBROS DE FIRMA, LIBROS DE FIRMAS > BAUTIZO","Bautizo, Infantil, Personalizado, Recuerdo, Regalo"
23721,variable,AP-10610,LIBRO DE FIRMAS BAUTIZO CON OSITO EN AZUL,-1,0,0,,,,,0,Gracias por tu compra.,,,"BAUTIZO - BEBÉ > LIBROS DE FIRMA, LIBROS DE FIRMAS, LIBROS DE FIRMAS > BAUTIZO, BAUTIZO - BEBÉ","BAUTIZO - BEBÉ, LIBROS DE FIRMAS","BAUTIZO - BEBÉ > LIBROS DE FIRMA, LIBROS DE FIRMAS > BAUTIZO","Bautizo, Infantil, Personalizado, Recuerdo, Regalo"
23724,variable,AP-10613,LIBRO DE FIRMAS BAUTIZO CON CONEJITO EN ROSA,-1,0,0,,,,,0,Gracias por tu compra.,,,"BAUTIZO - BEBÉ > LIBROS DE FIRMA, LIBROS DE FIRMAS, LIBROS DE FIRMAS > BAUTIZO, BAUTIZO - BEBÉ","BAUTIZO - BEBÉ, LIBROS DE FIRMAS","BAUTIZO - BEBÉ > LIBROS DE FIRMA, LIBROS DE FIRMAS > BAUTIZO","Bautizo, Infantil, Personalizado, Recuerdo, Regalo"
23727,variable,AP-10616,LIBRO DE FIRMAS BAUTIZO CON ELEFANTE DORMIDO,1,0,0,,,,,0,Gracias por tu compra.,,,"BAUTIZO - BEBÉ > LIBROS DE FIRMA, LIBROS DE FIRMAS, LIBROS DE FIRMAS > BAUTIZO, BAUTIZO - BEBÉ","BAUTIZO - BEBÉ, LIBROS DE FIRMAS","BAUTIZO - BEBÉ > LIBROS DE FIRMA, LIBROS DE FIRMAS > BAUTIZO","Bautizo, Infantil, Personalizado, Recuerdo, Regalo"
23847,simple,AP-10652,LIBRO DE FIRMAS DE RECUERDO DE FIN DE CURSO PARA PROFES,1,0,0,,,,,0,Gracias por tu compra.,,26,"DETALLES > FIN DE CURSO, LIBROS DE FIRMAS, LIBROS DE FIRMAS > FIN DE CURSO, DETALLES","DETALLES, LIBROS DE FIRMAS","DETALLES > FIN DE CURSO, LIBROS DE FIRMAS > FIN DE CURSO","Infantil, Personalizado, Recuerdo, Regalo"
24772,variable,AP-10667,TARJETAS DEL PRIMER AÑO DEL BEBÉ   modelo estrellas,1,0,0,,,,,0,Gracias por tu compra.,,,"LIBROS DE FIRMAS, BAUTIZO - BEBÉ, BAUTIZO - BEBÉ > TARJETAS PRIMER AÑO DEL BEBE, BAUTIZO - BEBÉ > ETIQUETAS","LIBROS DE FIRMAS, BAUTIZO - BEBÉ","BAUTIZO - BEBÉ > TARJETAS PRIMER AÑO DEL BEBE, BAUTIZO - BEBÉ > ETIQUETAS","Infantil, Personalizado, Recordatorio, Recuerdo, Regalo"
24774,variable,AP-10669,TARJETAS DEL PRIMER AÑO DEL BEBÉ   modelo cigueña,1,0,0,,,,,0,Gracias por tu compra.,,,"LIBROS DE FIRMAS, BAUTIZO - BEBÉ, BAUTIZO - BEBÉ > TARJETAS PRIMER AÑO DEL BEBE, BAUTIZO - BEBÉ > ETIQUETAS","LIBROS DE FIRMAS, BAUTIZO - BEBÉ","BAUTIZO - BEBÉ > TARJETAS PRIMER AÑO DEL BEBE, BAUTIZO - BEBÉ > ETIQUETAS","Infantil, Personalizado, Recordatorio, Recuerdo, Regalo"
24776,variable,AP-10671,ÁLBUM DE FOTOS DEL PRIMER AÑO DEL BEBE,1,0,0,,,,,1,Gracias por tu compra.,,,"BAUTIZO - BEBÉ > LIBROS DE FIRMA, LIBROS DE FIRMAS, LIBROS DE FIRMAS > BAUTIZO, BAUTIZO - BEBÉ, BAUTIZO - BEBÉ > ALBUM DE FOTOS PRIMER AÑO BEBÉ","BAUTIZO - BEBÉ, LIBROS DE FIRMAS","BAUTIZO - BEBÉ > LIBROS DE FIRMA, LIBROS DE FIRMAS > BAUTIZO, BAUTIZO - BEBÉ > ALBUM DE FOTOS PRIMER AÑO BEBÉ","Bautizo, Infantil, Personalizado, Recuerdo, Regalo"
24790,variable,AP-10673,ÁLBUM DE FOTOS DEL PRIMER AÑO DEL BEBE modelo cigueña,1,0,0,,,,,1,Gracias por tu compra.,,,"BAUTIZO - BEBÉ > LIBROS DE FIRMA, LIBROS DE FIRMAS, LIBROS DE FIRMAS > BAUTIZO, BAUTIZO - BEBÉ, BAUTIZO - BEBÉ > ALBUM DE FOTOS PRIMER AÑO BEBÉ","BAUTIZO - BEBÉ, LIBROS DE FIRMAS","BAUTIZO - BEBÉ > LIBROS DE FIRMA, LIBROS DE FIRMAS > BAUTIZO, BAUTIZO - BEBÉ > ALBUM DE FOTOS PRIMER AÑO BEBÉ","Bautizo, Infantil, Personalizado, Recuerdo, Regalo"
24807,variable,AP-10675,PACK TARJETAS DEL PRIMER AÑO DEL BEBÉ  CON ALBUM A JUEGO,1,0,0,,,,,0,Gracias por tu compra.,,,"LIBROS DE FIRMAS, BAUTIZO - BEBÉ, BAUTIZO - BEBÉ > TARJETAS PRIMER AÑO DEL BEBE, BAUTIZO - BEBÉ > ETIQUETAS","LIBROS DE FIRMAS, BAUTIZO - BEBÉ","BAUTIZO - BEBÉ > TARJETAS PRIMER AÑO DEL BEBE, BAUTIZO - BEBÉ > ETIQUETAS","Infantil, Personalizado, Recordatorio, Recuerdo, Regalo"
24810,variable,AP-10677,PACK TARJETAS DEL PRIMER AÑO DEL BEBÉ  CON ALBUM A JUEGO modelo cigueña,1,0,0,,,,,1,Gracias por tu compra.,,,"LIBROS DE FIRMAS, BAUTIZO - BEBÉ, BAUTIZO - BEBÉ > TARJETAS PRIMER AÑO DEL BEBE, BAUTIZO - BEBÉ > ETIQUETAS","LIBROS DE FIRMAS, BAUTIZO - BEBÉ","BAUTIZO - BEBÉ > TARJETAS PRIMER AÑO DEL BEBE, BAUTIZO - BEBÉ > ETIQUETAS","Infantil, Personalizado, Recordatorio, Recuerdo, Regalo"
24951,variable,AP-10704,LIBRO DE FIRMAS DE PRIMERA COMUNIÓN CON LOMO KRAFT Y NIÑA PERSONALIZADO,1,0,0,,,,,0,Gracias por tu compra.,,,"LIBROS DE FIRMAS > COMUNIÓN, LIBROS DE FIRMAS, COMUNIÓN > LIBROS DE FIRMAS, COMUNIÓN, COMUNIÓN > COLECCIONES COMUNIÓN > COLECCIÓN ""niña vestida de comunión""","LIBROS DE FIRMAS, COMUNIÓN","LIBROS DE FIRMAS > COMUNIÓN, COMUNIÓN > LIBROS DE FIRMAS, COMUNIÓN > COLECCIONES COMUNIÓN > COLECCIÓN ""niña vestida de comunión""","Infantil, Personalizado, Recuerdo, Regalo"
25015,variable,AP-10719,LIBRO DE FIRMAS DE PRIMERA COMUNIÓN DE TELA PERSONALIZADO (NIÑA),1,0,0,,,,,0,Gracias por tu compra.,,,"LIBROS DE FIRMAS > COMUNIÓN, LIBROS DE FIRMAS, COMUNIÓN > LIBROS DE FIRMAS, COMUNIÓN, COMUNIÓN > COLECCIONES COMUNIÓN > COLECCIÓN ""niña vestida de comunión""","LIBROS DE FIRMAS, COMUNIÓN","LIBROS DE FIRMAS > COMUNIÓN, COMUNIÓN > LIBROS DE FIRMAS, COMUNIÓN > COLECCIONES COMUNIÓN > COLECCIÓN ""niña vestida de comunión""","Infantil, Personalizado, Recuerdo, Regalo"
25018,variable,AP-10721,LIBRO DE FIRMAS DE PRIMERA COMUNIÓN DE TELA Y NIÑO PERSONALIZADO,1,0,0,,,,,0,Gracias por tu compra.,,,"LIBROS DE FIRMAS > COMUNIÓN, LIBROS DE FIRMAS, COMUNIÓN > LIBROS DE FIRMAS, COMUNIÓN, COMUNIÓN > COLECCIONES COMUNIÓN > COLECCIÓN ""niño vestido de comunión""","LIBROS DE FIRMAS, COMUNIÓN","LIBROS DE FIRMAS > COMUNIÓN, COMUNIÓN > LIBROS DE FIRMAS, COMUNIÓN > COLECCIONES COMUNIÓN > COLECCIÓN ""niño vestido de comunión""","Infantil, Personalizado, Recuerdo, Regalo"
26537,variable,AP-10778,"ETIQUETAS CUADRADA COLECCIÓN ""pájaro""",1,0,0,,,,,0,,,,"COMUNIÓN, BAUTIZO - BEBÉ, COMUNIÓN > ETIQUETAS, BAUTIZO - BEBÉ > ETIQUETAS","COMUNIÓN, BAUTIZO - BEBÉ","COMUNIÓN > ETIQUETAS, BAUTIZO - BEBÉ > ETIQUETAS","COMUNIÓN, Etiquetas, FIESTAS, Infantil, Personalizado"
26564,variable,AP-10784,"ETIQUETAS CUADRADA COLECCIÓN CORONA ""Sofía""",1,0,0,,,,,0,,,,"COMUNIÓN, BAUTIZO - BEBÉ, COMUNIÓN > COLECCIONES COMUNIÓN > COLECCIÓN CORONA ""Sofía"", COMUNIÓN > ETIQUETAS, BAUTIZO - BEBÉ > ETIQUETAS","COMUNIÓN, BAUTIZO - BEBÉ","COMUNIÓN > COLECCIONES COMUNIÓN > COLECCIÓN CORONA ""Sofía"", COMUNIÓN > ETIQUETAS, BAUTIZO - BEBÉ > ETIQUETAS","COMUNIÓN, Etiquetas, FIESTAS, Infantil, Personalizado"
26578,variable,AP-10788,"LIBRO DE FIRMAS DE TELA DE BODA colección ""flores moradas""",1,0,0,,,,,1,Gracias por tu compra.,,,"BODA > LIBRO DE FIRMAS, BODA, LIBROS DE FIRMAS > BODA","BODA, LIBROS DE FIRMAS","BODA > LIBRO DE FIRMAS, LIBROS DE FIRMAS > BODA","Libro de firma, Personalizado, Recuerdo, Regalo"
26588,variable,AP-10792,"LIBRO DE FIRMAS DE TELA DE BODA COLECCIÓN  ""ramas eucalipto""",1,0,0,,,,,1,Gracias por tu compra.,,,"BODA > LIBRO DE FIRMAS, BODA, LIBROS DE FIRMAS > BODA","BODA, LIBROS DE FIRMAS","BODA > LIBRO DE FIRMAS, LIBROS DE FIRMAS > BODA","Libro de firma, Personalizado, Recuerdo, Regalo"
26863,variable,AP-10813,PULSERA CON CRUZ DE COLORES Y TARJETA PERSONALIZADA CON DIBUJO NIÑO DE COMUNIÓN,1,0,0,,,,,0,Gracias por tu compra.,,,"COMUNIÓN > DETALLES COMUNIÓN > PULSERAS, DETALLES > PULSERAS, COMUNIÓN, COMUNIÓN > DETALLES COMUNIÓN, DETALLES, COMUNIÓN > COLECCIONES COMUNIÓN > COLECCIÓN ""niño vestido de comunión""","COMUNIÓN, DETALLES","COMUNIÓN > DETALLES COMUNIÓN > PULSERAS, DETALLES > PULSERAS, COMUNIÓN > DETALLES COMUNIÓN, COMUNIÓN > COLECCIONES COMUNIÓN > COLECCIÓN ""niño vestido de comunión""","COMUNIÓN, Etiquetas, Infantil, Personalizado, Recuerdo, Regalo"
26867,variable,AP-10815,PULSERA CON CRUZ  DE COLORES Y TARJETA PERSONALIZADA CON NIÑA DE COMUNIÓN,1,0,0,,,,,0,Gracias por tu compra.,,,"COMUNIÓN > DETALLES COMUNIÓN > PULSERAS, DETALLES > PULSERAS, COMUNIÓN, COMUNIÓN > DETALLES COMUNIÓN, COMUNIÓN > COLECCIONES COMUNIÓN > COLECCIÓN ""niña vestida de comunión""","COMUNIÓN, DETALLES","COMUNIÓN > DETALLES COMUNIÓN > PULSERAS, DETALLES > PULSERAS, COMUNIÓN > DETALLES COMUNIÓN, COMUNIÓN > COLECCIONES COMUNIÓN > COLECCIÓN ""niña vestida de comunión""","Infantil, Personalizado, Recordatorio, Recuerdo, Regalo"
27003,variable,AP-10838,"LIBRO DE FIRMAS DE TELA COLECCIÓN CORONA ""Sara""",1,0,0,,,,,0,Gracias por tu compra.,,,"LIBROS DE FIRMAS > COMUNIÓN, LIBROS DE FIRMAS, COMUNIÓN > LIBROS DE FIRMAS, COMUNIÓN, COMUNIÓN > COLECCIONES COMUNIÓN > COLECCIÓN CORONA ""Sara""","LIBROS DE FIRMAS, COMUNIÓN","LIBROS DE FIRMAS > COMUNIÓN, COMUNIÓN > LIBROS DE FIRMAS, COMUNIÓN > COLECCIONES COMUNIÓN > COLECCIÓN CORONA ""Sara""","COMUNIÓN, Infantil, Libro de firma, Libro de firmas, Personalizado, Recuerdo, Regalo"
27051,variable,AP-10846,LIBRO DE FIRMAS DE PRIMERA COMUNIÓN CON NIÑA PERSONALIZADA,1,0,0,,,,,0,Gracias por tu compra.,,,"LIBROS DE FIRMAS > COMUNIÓN, LIBROS DE FIRMAS, COMUNIÓN > LIBROS DE FIRMAS, COMUNIÓN, COMUNIÓN > COLECCIONES COMUNIÓN > COLECCIÓN ""niña vestida de comunión""","LIBROS DE FIRMAS, COMUNIÓN","LIBROS DE FIRMAS > COMUNIÓN, COMUNIÓN > LIBROS DE FIRMAS, COMUNIÓN > COLECCIONES COMUNIÓN > COLECCIÓN ""niña vestida de comunión""","Infantil, Personalizado, Recuerdo, Regalo"
27059,variable,AP-10849,LIBRO DE FIRMAS DE PRIMERA COMUNIÓN CON NIÑO PERSONALIZADO,1,0,0,,,,,0,Gracias por tu compra.,,,"LIBROS DE FIRMAS > COMUNIÓN, LIBROS DE FIRMAS, COMUNIÓN > LIBROS DE FIRMAS, COMUNIÓN, COMUNIÓN > COLECCIONES COMUNIÓN > COLECCIÓN ""niño vestido de comunión""","LIBROS DE FIRMAS, COMUNIÓN","LIBROS DE FIRMAS > COMUNIÓN, COMUNIÓN > LIBROS DE FIRMAS, COMUNIÓN > COLECCIONES COMUNIÓN > COLECCIÓN ""niño vestido de comunión""","Infantil, Personalizado, Recuerdo, Regalo"
27076,variable,AP-10856,"LIBRO DE FIRMAS DE TELA COLECCIÓN CORONA ""Martina""",1,0,0,,,,,0,Gracias por tu compra.,,,"LIBROS DE FIRMAS > COMUNIÓN, LIBROS DE FIRMAS, COMUNIÓN > LIBROS DE FIRMAS, COMUNIÓN, COMUNIÓN > COLECCIONES COMUNIÓN > COLECCIÓN CORONA ""Martina""","LIBROS DE FIRMAS, COMUNIÓN","LIBROS DE FIRMAS > COMUNIÓN, COMUNIÓN > LIBROS DE FIRMAS, COMUNIÓN > COLECCIONES COMUNIÓN > COLECCIÓN CORONA ""Martina""","COMUNIÓN, Infantil, Libro de firma, Libro de firmas, Personalizado, Recuerdo, Regalo"
27106,variable,AP-10862,LIBRO DE FIRMAS BAUTIZO CON OSITO,1,0,0,,,,,0,Gracias por tu compra.,,,"BAUTIZO - BEBÉ > LIBROS DE FIRMA, LIBROS DE FIRMAS, LIBROS DE FIRMAS > BAUTIZO, BAUTIZO - BEBÉ","BAUTIZO - BEBÉ, LIBROS DE FIRMAS","BAUTIZO - BEBÉ > LIBROS DE FIRMA, LIBROS DE FIRMAS > BAUTIZO","Bautizo, Infantil, Personalizado, Recuerdo, Regalo"
28245,variable,AP-11025,LIBRO DE FIRMAS VICHY DE PRIMERA COMUNIÓN CON NIÑA PERSONALIZADA,1,0,0,,,,,0,Gracias por tu compra.,,,"LIBROS DE FIRMAS > COMUNIÓN, LIBROS DE FIRMAS, COMUNIÓN > LIBROS DE FIRMAS, COMUNIÓN, COMUNIÓN > COLECCIONES COMUNIÓN > COLECCIÓN ""niña vestida de comunión""","LIBROS DE FIRMAS, COMUNIÓN","LIBROS DE FIRMAS > COMUNIÓN, COMUNIÓN > LIBROS DE FIRMAS, COMUNIÓN > COLECCIONES COMUNIÓN > COLECCIÓN ""niña vestida de comunión""","Infantil, Personalizado, Recuerdo, Regalo"
28258,variable,AP-11029,LIBRO DE FIRMAS VICHY DE PRIMERA COMUNIÓN CON NIÑO PERSONALIZADO,1,0,0,,,,,0,Gracias por tu compra.,,,"LIBROS DE FIRMAS > COMUNIÓN, LIBROS DE FIRMAS, COMUNIÓN > LIBROS DE FIRMAS, COMUNIÓN, COMUNIÓN > COLECCIONES COMUNIÓN > COLECCIÓN ""niño vestido de comunión""","LIBROS DE FIRMAS, COMUNIÓN","LIBROS DE FIRMAS > COMUNIÓN, COMUNIÓN > LIBROS DE FIRMAS, COMUNIÓN > COLECCIONES COMUNIÓN > COLECCIÓN ""niño vestido de comunión""","Infantil, Personalizado, Recuerdo, Regalo"
33678,variable,AP-11165,ÁLBUM ARTESANAL PARA BEBÉ,1,0,0,,,,,0,Gracias por tu compra.,,,"BAUTIZO - BEBÉ > LIBROS DE FIRMA, LIBROS DE FIRMAS, LIBROS DE FIRMAS > BAUTIZO, BAUTIZO - BEBÉ, BAUTIZO - BEBÉ > ALBUM DE FOTOS PRIMER AÑO BEBÉ","BAUTIZO - BEBÉ, LIBROS DE FIRMAS","BAUTIZO - BEBÉ > LIBROS DE FIRMA, LIBROS DE FIRMAS > BAUTIZO, BAUTIZO - BEBÉ > ALBUM DE FOTOS PRIMER AÑO BEBÉ","Bautizo, Infantil, Personalizado, Recuerdo, Regalo"
35916,variable,AP-11192,Tarta de Pañales Pequeña - Bebé dormido,1,0,0,,,,,0,,,,"BAUTIZO - BEBÉ > REGALOS NACIMIENTO, BAUTIZO - BEBÉ, BAUTIZO - BEBÉ > DETALLES BAUTIZO, OTROS","BAUTIZO - BEBÉ, OTROS","BAUTIZO - BEBÉ > REGALOS NACIMIENTO, BAUTIZO - BEBÉ > DETALLES BAUTIZO",
35929,variable,AP-11193,Tarta de Pañales Pequeña - Animalitos,1,0,0,,,,,0,,,,"BAUTIZO - BEBÉ > REGALOS NACIMIENTO, BAUTIZO - BEBÉ, BAUTIZO - BEBÉ > DETALLES BAUTIZO, OTROS","BAUTIZO - BEBÉ, OTROS","BAUTIZO - BEBÉ > REGALOS NACIMIENTO, BAUTIZO - BEBÉ > DETALLES BAUTIZO",
35941,variable,AP-11195,ÁLBUM ARTESANAL PARA BEBÉ PERSONALIZADO CON OSITO,1,0,0,,,,,0,Gracias por tu compra.,,,"BAUTIZO - BEBÉ > LIBROS DE FIRMA, LIBROS DE FIRMAS, LIBROS DE FIRMAS > BAUTIZO, BAUTIZO - BEBÉ, BAUTIZO - BEBÉ > ALBUM DE FOTOS PRIMER AÑO BEBÉ","BAUTIZO - BEBÉ, LIBROS DE FIRMAS","BAUTIZO - BEBÉ > LIBROS DE FIRMA, LIBROS DE FIRMAS > BAUTIZO, BAUTIZO - BEBÉ > ALBUM DE FOTOS PRIMER AÑO BEBÉ","Bautizo, Infantil, Personalizado, Recuerdo, Regalo"
36053,variable,AP-11197,ETIQUETAS REDONDAS OSITO,1,0,0,,,,,0,,,,"COMUNIÓN, BAUTIZO - BEBÉ, COMUNIÓN > ETIQUETAS, BAUTIZO - BEBÉ > ETIQUETAS","COMUNIÓN, BAUTIZO - BEBÉ","COMUNIÓN > ETIQUETAS, BAUTIZO - BEBÉ > ETIQUETAS","COMUNIÓN, Etiquetas, FIESTAS, Infantil, Personalizado"
36072,variable,AP-11199,ÁLBUM ARTESANAL PARA BEBÉ CON OSITO,1,0,0,,,,,0,Gracias por tu compra.,,,"BAUTIZO - BEBÉ > LIBROS DE FIRMA, LIBROS DE FIRMAS, LIBROS DE FIRMAS > BAUTIZO, BAUTIZO - BEBÉ, BAUTIZO - BEBÉ > ALBUM DE FOTOS PRIMER AÑO BEBÉ","BAUTIZO - BEBÉ, LIBROS DE FIRMAS","BAUTIZO - BEBÉ > LIBROS DE FIRMA, LIBROS DE FIRMAS > BAUTIZO, BAUTIZO - BEBÉ > ALBUM DE FOTOS PRIMER AÑO BEBÉ","Bautizo, Infantil, Personalizado, Recuerdo, Regalo"
36249,variable,AP-11220,LIBRO DE FIRMAS ARTESANAL PARA COMUNIÓN PERSONALIZADO CON FÚTBOL,1,0,0,,,,,0,Gracias por tu compra.,,,"LIBROS DE FIRMAS > COMUNIÓN, LIBROS DE FIRMAS, COMUNIÓN > LIBROS DE FIRMAS, COMUNIÓN","LIBROS DE FIRMAS, COMUNIÓN","LIBROS DE FIRMAS > COMUNIÓN, COMUNIÓN > LIBROS DE FIRMAS","Bautizo, Infantil, Personalizado, Recuerdo, Regalo"
36268,variable,AP-11224,ETIQUETAS REDONDAS CON BALÓN DE FÚTBOL Y VICHY,1,0,0,,,,,0,,,,"COMUNIÓN, BAUTIZO - BEBÉ, COMUNIÓN > ETIQUETAS, BAUTIZO - BEBÉ > ETIQUETAS","COMUNIÓN, BAUTIZO - BEBÉ","COMUNIÓN > ETIQUETAS, BAUTIZO - BEBÉ > ETIQUETAS","COMUNIÓN, Etiquetas, FIESTAS, Infantil, Personalizado"
36303,variable,AP-11228,LIBRO DE FIRMAS DE PRIMERA COMUNIÓN CON FUTBOL Y VICHY NEGRO,1,0,0,,,,,0,Gracias por tu compra.,,,"LIBROS DE FIRMAS > COMUNIÓN, LIBROS DE FIRMAS, COMUNIÓN > LIBROS DE FIRMAS, COMUNIÓN, COMUNIÓN > COLECCIONES COMUNIÓN > COLECCIÓN ""niño vestido de comunión""","LIBROS DE FIRMAS, COMUNIÓN","LIBROS DE FIRMAS > COMUNIÓN, COMUNIÓN > LIBROS DE FIRMAS, COMUNIÓN > COLECCIONES COMUNIÓN > COLECCIÓN ""niño vestido de comunión""","Infantil, Personalizado, Recuerdo, Regalo"
36896,variable,AP-11357,LIBRO DE FIRMAS DE TELA CON ETIQUETA CON DIBUJO NIÑA COMUNIÓN TIPO ACUARELA,1,0,0,,,,,0,Gracias por tu compra.,,,"LIBROS DE FIRMAS > COMUNIÓN, LIBROS DE FIRMAS, COMUNIÓN > LIBROS DE FIRMAS, COMUNIÓN","LIBROS DE FIRMAS, COMUNIÓN","LIBROS DE FIRMAS > COMUNIÓN, COMUNIÓN > LIBROS DE FIRMAS","Bautizo, COMUNIÓN, Infantil, Personalizado, Recuerdo, Regalo"
37406,variable,AP-11587,LIBRO DE FIRMAS DE TELA CON ETIQUETA PERSONALIZADA CON DIBUJO DE NIÑO TIPO ACUARELA,1,0,0,,,,,0,Gracias por tu compra.,,,"LIBROS DE FIRMAS > COMUNIÓN, LIBROS DE FIRMAS, COMUNIÓN > LIBROS DE FIRMAS, COMUNIÓN","LIBROS DE FIRMAS, COMUNIÓN","LIBROS DE FIRMAS > COMUNIÓN, COMUNIÓN > LIBROS DE FIRMAS","COMUNIÓN, Detalle, Infantil, Personalizado, Recordatorio, Recuerdo, Regalo"
38185,variable,AP-11992,PACK COMUNIÓN ESENCIAL -  BALÓN DE FÚTBOL,1,0,0,,,,,0,Gracias por tu compra.,,,"COMUNIÓN > PACKS COMUNIÓN, PACKS > PACKS COMUNIÓN, COMUNIÓN","COMUNIÓN, PACKS","COMUNIÓN > PACKS COMUNIÓN, PACKS > PACKS COMUNIÓN","COMUNIÓN, Infantil, Libro de firmas, Personalizado, Recordatorio, Recuerdo, Regalo"
38258,variable,AP-12006,PACK COMUNIÓN ESENCIAL -  DIBUJO NIÑA TIPO ACUARELA,1,0,0,,,,,0,Gracias por tu compra.,,,"COMUNIÓN > PACKS COMUNIÓN, PACKS > PACKS COMUNIÓN, COMUNIÓN, PACKS","COMUNIÓN, PACKS","COMUNIÓN > PACKS COMUNIÓN, PACKS > PACKS COMUNIÓN","Bautizo, COMUNIÓN, Infantil, Personalizado, Recuerdo, Regalo"
39608,variable,AP-12347,ÁLBUM CON ESPIRAL PERSONALIZADO CON DIBUJO DE NIÑO TIPO ACUARELA,1,0,0,,,,,0,Gracias por tu compra.,,,"LIBROS DE FIRMAS > COMUNIÓN, LIBROS DE FIRMAS, COMUNIÓN > LIBROS DE FIRMAS, COMUNIÓN","LIBROS DE FIRMAS, COMUNIÓN","LIBROS DE FIRMAS > COMUNIÓN, COMUNIÓN > LIBROS DE FIRMAS","COMUNIÓN, Detalle, Infantil, Personalizado, Recordatorio, Recuerdo, Regalo"
39626,variable,AP-12349,ÁLBUM  CON ESPIRAL PERSONALIZADO CON DIBUJO NIÑA TIPO ACUARELA,1,0,0,,,,,0,Gracias por tu compra.,,,"LIBROS DE FIRMAS > COMUNIÓN, LIBROS DE FIRMAS, COMUNIÓN > LIBROS DE FIRMAS, COMUNIÓN","LIBROS DE FIRMAS, COMUNIÓN","LIBROS DE FIRMAS > COMUNIÓN, COMUNIÓN > LIBROS DE FIRMAS","Bautizo, COMUNIÓN, Infantil, Personalizado, Recuerdo, Regalo"
40225,variable,AP-12359,ÁLBUM ARTESANAL CON BEBÉ DORMIDO,1,0,0,,,,,0,Gracias por tu compra.,,,"BAUTIZO - BEBÉ > LIBROS DE FIRMA, LIBROS DE FIRMAS, LIBROS DE FIRMAS > BAUTIZO, BAUTIZO - BEBÉ, BAUTIZO - BEBÉ > ALBUM DE FOTOS PRIMER AÑO BEBÉ","BAUTIZO - BEBÉ, LIBROS DE FIRMAS","BAUTIZO - BEBÉ > LIBROS DE FIRMA, LIBROS DE FIRMAS > BAUTIZO, BAUTIZO - BEBÉ > ALBUM DE FOTOS PRIMER AÑO BEBÉ","Bautizo, Infantil, Personalizado, Recuerdo, Regalo"
40239,variable,AP-12361,ÁLBUM ARTESANAL CON BEBE DORMIDO,1,0,0,,,,,0,Gracias por tu compra.,,,"BAUTIZO - BEBÉ > LIBROS DE FIRMA, LIBROS DE FIRMAS, LIBROS DE FIRMAS > BAUTIZO, BAUTIZO - BEBÉ, BAUTIZO - BEBÉ > ALBUM DE FOTOS PRIMER AÑO BEBÉ","BAUTIZO - BEBÉ, LIBROS DE FIRMAS","BAUTIZO - BEBÉ > LIBROS DE FIRMA, LIBROS DE FIRMAS > BAUTIZO, BAUTIZO - BEBÉ > ALBUM DE FOTOS PRIMER AÑO BEBÉ","Bautizo, Infantil, Personalizado, Recuerdo, Regalo"
40470,variable,AP-12420,LIBRO DE FIRMAS ARTESANAL PARA COMUNIÓN PERSONALIZADO CON DIBUJO DE UN ANCLA,1,0,0,,,,,0,Gracias por tu compra.,,,"LIBROS DE FIRMAS > COMUNIÓN, LIBROS DE FIRMAS, COMUNIÓN > LIBROS DE FIRMAS, COMUNIÓN","LIBROS DE FIRMAS, COMUNIÓN","LIBROS DE FIRMAS > COMUNIÓN, COMUNIÓN > LIBROS DE FIRMAS","Bautizo, Infantil, Personalizado, Recuerdo, Regalo"
40547,variable,AP-12422,PACK COMUNIÓN PREMIUM - DIBUJO NIÑA TIPO ACUARELA,1,0,0,,,,,0,Gracias por tu compra.,,,"COMUNIÓN > PACKS COMUNIÓN, PACKS > PACKS COMUNIÓN, COMUNIÓN","COMUNIÓN, PACKS","COMUNIÓN > PACKS COMUNIÓN, PACKS > PACKS COMUNIÓN","Bautizo, COMUNIÓN, Infantil, Personalizado, Recuerdo, Regalo"
40563,variable,AP-12432,PACK COMUNIÓN ESENCIAL - DIBUJO DE NIÑO TIPO ACUARELA,1,0,0,,,,,0,Gracias por tu compra.,,,"COMUNIÓN > PACKS COMUNIÓN, PACKS > PACKS COMUNIÓN, COMUNIÓN","COMUNIÓN, PACKS","COMUNIÓN > PACKS COMUNIÓN, PACKS > PACKS COMUNIÓN","COMUNIÓN, Detalle, Infantil, Personalizado, Recordatorio, Recuerdo, Regalo"
40577,variable,AP-12442,PACK COMUNIÓN PREMIUM - DIBUJO DE NIÑO TIPO ACUARELA,1,0,0,,,,,0,Gracias por tu compra.,,,"COMUNIÓN > PACKS COMUNIÓN, PACKS > PACKS COMUNIÓN, COMUNIÓN","COMUNIÓN, PACKS","COMUNIÓN > PACKS COMUNIÓN, PACKS > PACKS COMUNIÓN","COMUNIÓN, Detalle, Infantil, Personalizado, Recordatorio, Recuerdo, Regalo"
40594,variable,AP-12452,PACK COMUNIÓN PREMIUM -  BALÓN DE FÚTBOL,1,0,0,,,,,0,Gracias por tu compra.,,,"COMUNIÓN > PACKS COMUNIÓN, PACKS > PACKS COMUNIÓN, COMUNIÓN","COMUNIÓN, PACKS","COMUNIÓN > PACKS COMUNIÓN, PACKS > PACKS COMUNIÓN","COMUNIÓN, Infantil, Libro de firmas, Personalizado, Recordatorio, Recuerdo, Regalo"
40608,variable,AP-12462,PACK COMUNIÓN ESENCIAL - CORONA DE FLORES,1,0,0,,,,,0,Gracias por tu compra.,,,"COMUNIÓN > PACKS COMUNIÓN, PACKS > PACKS COMUNIÓN, COMUNIÓN","COMUNIÓN, PACKS","COMUNIÓN > PACKS COMUNIÓN, PACKS > PACKS COMUNIÓN",PACKS COMUNIÓN
