ID,Title,total_fields,field_1_title,field_1_enabled,field_2_title,field_2_enabled,field_3_title,field_3_enabled,field_4_title,field_4_enabled,field_5_title,field_5_enabled,field_6_title,field_6_enabled,field_7_title,field_7_enabled,field_8_title,field_8_enabled
19768,LÁMINA DE NACIMIENTO MARRÓN,5,NOMBRE DEL BEBÉ,on,FECHA DE NACIMIENTO,on,LUGAR DE NACIMIENTO,on,PESO DEL BEBÉ EN GR,on,MEDIDA DEL BEBÉ EN CM,on,,,,,,
19769,LÁMINA DE NACIMIENTO AZUL,5,NOMBRE DEL BEBÉ,on,FECHA DE NACIMIENTO,on,LUGAR DE NACIMIENTO,on,PESO DEL BEBÉ EN GR,on,MEDIDA DEL BEBÉ EN CM,on,,,,,,
19771,LAMINA ABECEDARIO CON NOMBRE,1,,off,,,,,,,,,,,,,,
19968,LÁMINA PERSONALIZADA CON FECHAS Y DATOS IMPORTANTES,1,,off,,,,,,,,,,,,,,
19972,LÁMINA GATO GRIS MIAU,1,,off,,,,,,,,,,,,,,
19996,INVITACIÓN DE COMUNIÓN DE NIÑA,7,NOMBRE DE LA NIÑA,on,FECHA DE LA COMUNIÓN,on,IGLESIA,on,LOCALIDAD,on,LUGAR DEL CONVITE,on,HORA DE LA MISA,on,OBSERVACIONES SOBRE EL PEDIDO,on,,
20002,INVITACIÓN DE COMUNIÓN DE NIÑO,5,NOMBRE DEL NIÑO,on,FECHA DE LA COMUNIÓN,on,IGLESIA,on,LOCALIDAD,on,LUGAR DEL CONVITE,on,,,,,,
20008,LIBRO DEL PRIMER AÑO DEL BEBÉ PERSONALIZADO,1,Nombre del bebé ,on,,,,,,,,,,,,,,
20015,RECORDATORIO DE COMUNIÓN DE NIÑA,4,NOMBRE DE LA NIÑA,on,FECHA DE LA COMUNIÓN,on,NOMBRE DE LA IGLESIA,on,LOCALIDAD,on,,,,,,,,
20021,RECORDATORIO DE COMUNIÓN DE NIÑO,4,NOMBRE DEL NIÑO,on,FECHA DE LA COMUNIÓN,on,NOMBRE DE LA IGLESIA,on,LOCALIDAD,on,,,,,,,,
20060,LIBRO DE FIRMAS DE COMUNIÓN MORADO Y PERSONALIZADO (NIÑA),5,NOMBRE DE LA NIÑA,on,APELLIDOS DE LA NIÑA,on,FECHA DE LA COMUNIÓN,on,NOMBRE DE LA IGLESIA,on,LUGAR DE LA COMUNIÓN,on,,,,,,
20062,"CAJA DE PALOMITAS PARA CHUCHES PARA COMUNIÓN, BAUTIZO, BODA O CUMPLEAÑOS",2,NOMBRE,on,FECHA,on,,,,,,,,,,,,
20118,LÁMINA DE NACIMIENTO DELICADA,5,NOMBRE DEL BEBÉ,on,FECHA DE NACIMIENTO,on,LUGAR DE NACIMIENTO,on,PESO DEL BEBÉ,off,MEDIDA EN CM DEL BEBÉ,on,,,,,,
20207,LIBRO DE FIRMAS BAUTIZO CON BEBE DORMIDO,4,NOMBRE DEL BEBÉ,on,FECHA DEL BAUTIZO,on,NOMBRE DE LA IGLESIA,on,LOCALIDAD DEL BAUTIZO,on,,,,,,,,
20377,LIBRO DE FIRMAS BAUTIZO CON BEBE SONRIENTE,4,NOMBRE DEL BEBÉ,on,FECHA DEL BAUTIZO,on,NOMBRE DE LA IGLESIA,on,LOCALIDAD DEL BAUTIZO,on,,,,,,,,
20416,KIT PARA FIESTA - BAUTIZO (NIÑA),2,NOMBRE,on,FECHA DE LA BAUTIZO,on,,,,,,,,,,,,
20429,KIT PARA FIESTA - BAUTIZO (NIÑO),2,NOMBRE,on,FECHA DE LA BAUTIZO,on,,,,,,,,,,,,
20454,ETIQUETAS REDONDAS DE COMUNION (NIÑA),2,NOMBRE DE LA NIÑA,on,FECHA DE LA COMUNIÓN,on,,,,,,,,,,,,
20467,ETIQUETA REDONDA DE COMUNIÓN  DE NIÑO,2,NOMBRE DEL NIÑO,on,FECHA DE LA COMUNIÓN,on,,,,,,,,,,,,
20481,ETIQUETAS REDONDAS PARA BAUTIZO,2,NOMBRE DEL NIÑO,on,FECHA DEL BAUTIZO,on,,,,,,,,,,,,
20573,LÁMINA DE NACIMIENTO CON ANIMALITOS DEL BOSQUE,4,NOMBRE DEL BEBÉ,on,FECHA DE NACIMIENTO,on,MEDIDA DEL BEBÉ EN CM,on,PESO DEL BEBÉ EN GR,off,,,,,,,,
20624,LIBRO DE FIRMAS DE COMUNION  EN KRAFT CON GUIRNALDA DE FLORES,5,NOMBRE DE LA NIÑA,on,APELLIDOS DE LA NIÑA,on,FECHA DE LA COMUNIÓN,on,NOMBRE DE LA IGLESIA,on,LUGAR DE LA COMUNIÓN,on,,,,,,
20630,LIBRO DE FIRMAS DE COMUNION  EN KRAFT CON ETIQUETA REDONDA,5,NOMBRE DE LA NIÑA,on,APELLIDOS DE LA NIÑA,on,FECHA DE LA COMUNIÓN,on,NOMBRE DE LA IGLESIA,on,LUGAR DE LA COMUNIÓN,on,,,,,,
20637,LIBRO DE FIRMAS DE COMUNION  EN KRAFT CON ETIQUETA REDONDA AZUL DE NIÑO,5,NOMBRE DEL NIÑO,on,APELLIDOS DEL NIÑO,on,FECHA DE LA COMUNIÓN,on,NOMBRE DE LA IGLESIA,on,LUGAR DE LA COMUNIÓN,on,,,,,,
20803,LIBRO DE FIRMAS DE COMUNION  CON  FLORES ROSAS,5,NOMBRE DE LA NIÑA,on,APELLIDOS DE LA NIÑA,on,FECHA DE LA COMUNIÓN,on,NOMBRE DE LA IGLESIA,on,LUGAR DE LA COMUNIÓN,on,,,,,,
20828,LÁMINA DE COMUNIÓN DE NIÑA PERSONALIZADA CON NOMBRE,1,NOMBRE DE LA NIÑA,on,,,,,,,,,,,,,,
20834,LÁMINA DE COMUNIÓN DE NIÑO PERSONALIZADA CON NOMBRE,1,NOMBRE DEL NIÑO,on,,,,,,,,,,,,,,
20867,INVITACIÓN DE COMUNIÓN DE NIÑA CON CIRCULO,5,NOMBRE DE LA NIÑA,on,FECHA DE LA COMUNIÓN,on,IGLESIA,on,LOCALIDAD,on,LUGAR DEL CONVITE,on,,,,,,
20875,INVITACIÓN DE COMUNIÓN DE NIÑO CON CÍRCULO,6,NOMBRE DEL NIÑO,on,FECHA DE LA COMUNIÓN,on,IGLESIA,on,LOCALIDAD,on,LUGAR DEL CONVITE,on,OBSERVACIONES SOBRE EL PEDIDO,on,,,,
20900,RECORDATORIO CUADRADO CON FLORES AZULES,5,NOMBRE,on,APELLIDOS,off,FECHA ,off,NOMBRE IGLESIA,on,LOCALIDAD,on,,,,,,
20906,RECORDATORIO CUADRADO CON FLORES ROSAS,5,NOMBRE,on,APELLIDOS,off,FECHA ,off,NOMBRE IGLESIA,on,LOCALIDAD,on,,,,,,
20964,ETIQUETA LEÓN,2,NOMBRE DE LA NIÑA O EL NIÑO,on,FECHA DEL BAUTIZO/CUMPLEAÑOS/COMUNIÓN,on,,,,,,,,,,,,
20978,ETIQUETA LUNARES,2,NOMBRE DE LA NIÑA O EL NIÑO,on,FECHA DEL BAUTIZO/CUMPLEAÑOS/COMUNIÓN,on,,,,,,,,,,,,
20995,ETIQUETA ESTRELLITAS,2,NOMBRE DE LA NIÑA O EL NIÑO,on,FECHA DEL BAUTIZO/CUMPLEAÑOS/COMUNIÓN,on,,,,,,,,,,,,
21009,"LIBRO DE FIRMAS BAUTIZO CON ELEFANTE, LEON O JIRAFA",4,NOMBRE DEL BEBÉ,on,FECHA DEL BAUTIZO,on,NOMBRE DE LA IGLESIA,on,LOCALIDAD DEL BAUTIZO,on,,,,,,,,
21115,ETIQUETA REDONDA PARA BAUTIZO CON ANIMALES,2,NOMBRE DEL NIÑO/A,on,FECHA DEL BAUTIZO,on,,,,,,,,,,,,
21134,ETIQUETA GUIRNALDA DE FLORES ROSAS,2,NOMBRE DE LA NIÑA,on,FECHA DEL BAUTIZO/CUMPLEAÑOS/COMUNIÓN,on,,,,,,,,,,,,
21148,ETIQUETA GUIRNALDA DE FLORES RUSTICAS AZULES,2,NOMBRE DE LA NIÑA,on,FECHA DEL BAUTIZO/CUMPLEAÑOS/COMUNIÓN,on,,,,,,,,,,,,
21162,ETIQUETA GUIRNALDA DE FLORES AZULES DELICADAS,2,NOMBRE DE LA NIÑA,on,FECHA DEL BAUTIZO/CUMPLEAÑOS/COMUNIÓN,on,,,,,,,,,,,,
21175,ETIQUETA CON FONDO DE FLORES ROSAS,2,NOMBRE DE LA NIÑA,on,FECHA DEL BAUTIZO/CUMPLEAÑOS,on,,,,,,,,,,,,
21192,RECORDATORIO DOBLE CON INICIAL CON CUADROS VICHY,5,NOMBRE,on,APELLIDOS,on,FECHA ,on,NOMBRE IGLESIA,on,LOCALIDAD,on,,,,,,
21210,CUADERNO CON INCIAL,2,NOMBRE DE LA NIÑA,on,FECHA DE LA COMUNIÓN,on,,,,,,,,,,,,
21264,INVITACIÓN DE BAUTIZO CON BEBÉ,5,NOMBRE DEL NIÑO,on,FECHA DEL BAUTIZO,on,IGLESIA,on,LOCALIDAD,on,LUGAR DEL CONVITE,on,,,,,,
21276,INVITACIÓN DE BAUTIZO CON ANIMALES,5,NOMBRE DEL NIÑO,on,FECHA DEL BAUTIZO,on,IGLESIA,on,LOCALIDAD,on,LUGAR DEL CONVITE,on,,,,,,
21469,ETIQUETAS CON FORMA DE BEBÉ + ETIQUETA NOMBRE,2,NOMBRE DE LA NIÑA,on,FECHA DE LA COMUNIÓN,on,,,,,,,,,,,,
21484,KIT PARA FIESTA - CAPERUCITA ROJA,2,NOMBRE,off,FECHA DE LA FIESTA,off,,,,,,,,,,,,
21508,KIT PARA FIESTA - BAILARINA,2,NOMBRE DE LA NIÑA,on,FECHA DE LA FIESTA ,on,,,,,,,,,,,,
21526,KIT PARA FIESTA - UNICORNIO,2,NOMBRE DE LA NIÑA,on,FECHA DE LA FIESTA ,on,,,,,,,,,,,,
21542,KIT PARA FIESTA - SIRENA,2,NOMBRE DE LA NIÑA,off,FECHA DE LA FIESTA ,off,,,,,,,,,,,,
21551,KIT PARA FIESTA - ANIMALES DEL BOSQUE,2,NOMBRE DE LA NIÑA O NIÑO,on,FECHA DE LA FIESTA ,on,,,,,,,,,,,,
21672,LIBRO DE FIRMAS BAUTIZO CON ANIMALES DEL BOSQUE,4,NOMBRE DEL BEBÉ,on,FECHA DEL BAUTIZO,on,NOMBRE DE LA IGLESIA,on,LOCALIDAD DEL BAUTIZO,on,,,,,,,,
21692,"LÁMINA DE ÁRBOL DE HUELLAS CON ELEFANTE, LEON O JIRAFA",4,NOMBRE DEL BEBÉ,on,FECHA DEL BAUTIZO,on,NOMBRE DE LA IGLESIA,off,LOCALIDAD DEL BAUTIZO,off,,,,,,,,
21699,LÁMINA DE ÁRBOL DE HUELLAS CON ANIMALES DEL BOSQUE,4,NOMBRE DEL BEBÉ,on,FECHA DEL BAUTIZO,on,NOMBRE DE LA IGLESIA,off,LOCALIDAD DEL BAUTIZO,off,,,,,,,,
21855,LIBRO DE FIRMAS DE COMUNION  PARA NIÑO CON  CORONA,5,NOMBRE DE LA NIÑO,on,APELLIDOS DE LA NIÑO,on,FECHA DE LA COMUNIÓN,on,NOMBRE DE LA IGLESIA,on,LUGAR DE LA COMUNIÓN,on,,,,,,
21973,LÁMINA DE ARBOL DE HUELLAS DE COMUNIÓN NIÑA,2,NOMBRE DE LA NIÑA,on,FECHA DE LA COMUNIÓN,on,,,,,,,,,,,,
22004,RECORDATORIO DE COMUNIÓN DE NIÑA (apaisado 15 x 10 cm),4,NOMBRE DE LA NIÑA,on,FECHA DE LA COMUNIÓN,on,NOMBRE DE LA IGLESIA,on,LOCALIDAD,on,,,,,,,,
22012,RECORDATORIO DE COMUNIÓN DE NIÑA CON GUIRNALDA (apaisado 15 x 10 cm),4,NOMBRE DE LA NIÑA,on,FECHA DE LA COMUNIÓN,on,NOMBRE DE LA IGLESIA,on,LOCALIDAD,on,,,,,,,,
22020,RECORDATORIO COMUNIÓN CON GUIRNALDA ( apaisado 15 x 10 cm),4,NOMBRE DE LA NIÑA,on,FECHA DE LA COMUNIÓN,on,NOMBRE DE LA IGLESIA,on,LOCALIDAD,on,,,,,,,,
22027,RECORDATORIO DE COMUNIÓN DE NIÑA CON CIRCULO (apaisado 15 x 10 cm),4,NOMBRE DE LA NIÑA,on,FECHA DE LA COMUNIÓN,on,NOMBRE DE LA IGLESIA,on,LOCALIDAD,on,,,,,,,,
22034,ETIQUETAS CUADRADA DE COMUNION CON NIÑA,2,NOMBRE DE LA NIÑA,on,FECHA DE LA COMUNIÓN,on,,,,,,,,,,,,
22058,ETIQUETAS CUADRADA CON GUIRNALDA,2,NOMBRE DE LA NIÑA,on,FECHA DE LA COMUNIÓN,on,,,,,,,,,,,,
22086,ETIQUETAS REDONDAS DE COMUNION CON GUIRNALDA,2,NOMBRE DE LA NIÑA,on,FECHA DE LA COMUNIÓN,on,,,,,,,,,,,,
22131,LIBRO DE FIRMAS DE COMUNION  PARA NIÑO CON  CORONA VERDE,6,NOMBRE DE LA NIÑO,on,APELLIDOS DE LA NIÑO,on,FECHA DE LA COMUNIÓN,on,NOMBRE DE LA IGLESIA,on,LUGAR DE LA COMUNIÓN,on,OBSERVACIONES SOBRE EL PEDIDO,on,,,,
22302,ETIQUETAS DE COMUNION CON NIÑA (TIPO TAG),2,NOMBRE DE LA NIÑA,on,FECHA DE LA COMUNIÓN,on,,,,,,,,,,,,
22332,ETIQUETAS CON CORONA (TIPO TAG),2,NOMBRE DE LA NIÑA ,on,FECHA DE LA COMUNIÓN,on,,,,,,,,,,,,
22359,RECORDATORIO DE COMUNIÓN MARCAPÁGINAS SIMPLE,4,NOMBRE DE LA NIÑA,on,FECHA DE LA COMUNIÓN,on,NOMBRE DE LA IGLESIA,on,LOCALIDAD,on,,,,,,,,
22366,RECORDATORIO DE COMUNIÓN MARCAPÁGINAS  CON GUIRNALDA Y NIÑA,4,NOMBRE DE LA NIÑA,on,FECHA DE LA COMUNIÓN,on,NOMBRE DE LA IGLESIA,on,LOCALIDAD,on,,,,,,,,
22372,RECORDATORIO COMUNIÓN DE NIÑA MARCAPÁGINAS CON GUIRNALDA,4,NOMBRE DE LA NIÑA,on,FECHA DE LA COMUNIÓN,on,NOMBRE DE LA IGLESIA,on,LOCALIDAD,on,,,,,,,,
22398,RECORDATORIO DE COMUNIÓN MARCAPÁGINAS DOBLE CON CARTULINA KRAFT,4,NOMBRE DE LA NIÑA,on,FECHA DE LA COMUNIÓN,on,NOMBRE DE LA IGLESIA,on,LOCALIDAD,on,,,,,,,,
22415,RECORDATORIO COMUNIÓN MARCAPÁGINAS CON GUIRNALDA DOBLE CON CARTULINA KRAFT,4,NOMBRE DE LA NIÑA,on,FECHA DE LA COMUNIÓN,on,NOMBRE DE LA IGLESIA,on,LOCALIDAD,on,,,,,,,,
22426,RECORDATORIO DE COMUNIÓN MARCAPÁGINAS  CON GUIRNALDA Y NIÑA DOBLE CON CARTULINA KRAFT,4,NOMBRE DE LA NIÑA,on,FECHA DE LA COMUNIÓN,on,NOMBRE DE LA IGLESIA,on,LOCALIDAD,on,,,,,,,,
22434,RECORDATORIO COMUNIÓN MARCAPÁGINAS CON GUIRNALDA DOBLE CON CARTULINA LUNARES,4,NOMBRE DE LA NIÑA,on,FECHA DE LA COMUNIÓN,on,NOMBRE DE LA IGLESIA,on,LOCALIDAD,on,,,,,,,,
22443,FAJÍN DE BOTELLA DE COMUNIÓN DE NIÑO,1,,off,,,,,,,,,,,,,,
22448,RECORDATORIO DE COMUNIÓN DE NIÑO MARCAPÁGINAS SIMPLE,4,NOMBRE DEL NIÑO,on,FECHA DE LA COMUNIÓN,on,NOMBRE DE LA IGLESIA,on,LOCALIDAD,on,,,,,,,,
22462,RECORDATORIO COMUNIÓN DE NIÑO MARCAPÁGINAS CON GUIRNALDA,4,NOMBRE DE LA NIÑO,on,FECHA DE LA COMUNIÓN,on,NOMBRE DE LA IGLESIA,on,LOCALIDAD,on,,,,,,,,
22469,BOLSITA DE CELOFÁN CON ETIQUETA DE NIÑA DE COMUNIÓN,2,NOMBRE DE LA NIÑA,on,FECHA DE LA COMUNIÓN,on,,,,,,,,,,,,
22492,BOLSITA DE CELOFÁN CON ETIQUETA DE GUIRNALDA DE NIÑA,2,NOMBRE DE LA NIÑA,on,FECHA DE LA COMUNIÓN,on,,,,,,,,,,,,
22516,BOLSITA DE CELOFÁN CON ETIQUETA DE NIÑO DE COMUNIÓN,2,NOMBRE DEL NIÑO,on,FECHA DE LA COMUNIÓN,on,,,,,,,,,,,,
22551,BOLSITA DE CELOFÁN CON ETIQUETA DE GUIRNALDA DE NIÑO,2,NOMBRE DEL NIÑO,on,FECHA DE LA COMUNIÓN,on,,,,,,,,,,,,
22577,LÁMINA DE ARBOL DE HUELLAS DE COMUNIÓN NIÑO,2,NOMBRE DEL NIÑO,on,FECHA DE LA COMUNIÓN,on,,,,,,,,,,,,
22594,ETIQUETAS CUADRADA CON GUIRNALDA NIÑO,2,NOMBRE DEL NIÑO,on,FECHA DE LA COMUNIÓN/BAUTIZO,on,,,,,,,,,,,,
22641,RECORDATORIO BAUTIZO MARCAPÁGINAS CON ANIMALES,4,NOMBRE DEL NIÑO/ DE LA NIÑA,on,FECHA DEL BAUTIZO,on,NOMBRE DE LA IGLESIA,off,LOCALIDAD,off,,,,,,,,
22654,RECORDATORIO BAUTIZO MARCAPÁGINAS CON BEBE SONRIENTE,4,NOMBRE DEL NIÑO/ DE LA NIÑA,on,FECHA DEL BAUTIZO,on,NOMBRE DE LA IGLESIA,off,LOCALIDAD,off,,,,,,,,
22662,ETIQUETAS CUADRADA BAUTIZO CON ANIMAL,2,NOMBRE DE LA NIÑA/O,on,FECHA DEL BAUTIZO,on,,,,,,,,,,,,
22689,ETIQUETAS CUADRADAS CON BEBE SONRIENTE,4,NOMBRE DEL NIÑO/ DE LA NIÑA,on,FECHA DEL BAUTIZO,on,NOMBRE DE LA IGLESIA,off,LOCALIDAD,off,,,,,,,,
22706,MINUTA - TARJETA  MENÚ COMUNIÓN DE NIÑO,4,NOMBRE DEL NIÑO,on,FECHA DE LA COMUNIÓN,on,MENU,on,LOCALIDAD,off,,,,,,,,
22721,MINUTA- TARJETA MENÚ COMUNIÓN DE NIÑA,4,NOMBRE DE LA NIÑA,on,FECHA DE LA COMUNIÓN,on,NOMBRE DE LA IGLESIA,off,LOCALIDAD,off,,,,,,,,
22727,MINUTA- TARJETA MENÚ CON GUIRNALDA NIÑA,4,NOMBRE DE LA NIÑA,on,FECHA DE LA COMUNIÓN,on,NOMBRE DE LA IGLESIA,off,LOCALIDAD,off,,,,,,,,
22733,MINUTA - TARJETA MENÚ GUIRNALDA NIÑO,4,NOMBRE DE LA NIÑO,on,FECHA DE LA COMUNIÓN,on,NOMBRE DE LA IGLESIA,off,LOCALIDAD,off,,,,,,,,
22760,RECORDATORIO DE COMUNIÓN DE NIÑA CLÁSICO,4,NOMBRE DE LA NIÑA,on,FECHA DE LA COMUNIÓN,on,NOMBRE DE LA IGLESIA,on,LOCALIDAD,on,,,,,,,,
22770,RECORDATORIO DE COMUNIÓN DE NIÑA CON GUIRNALDA CLÁSICO,4,NOMBRE DE LA NIÑA,on,FECHA DE LA COMUNIÓN,on,NOMBRE DE LA IGLESIA,on,LOCALIDAD,on,,,,,,,,
22778,RECORDATORIO COMUNIÓN CON GUIRNALDA CLÁSICA,4,NOMBRE DE LA NIÑA,on,FECHA DE LA COMUNIÓN,on,NOMBRE DE LA IGLESIA,on,LOCALIDAD,on,,,,,,,,
22789,RECORDATORIO DE COMUNIÓN DE NIÑA CLÁSICO CUADRADO,4,NOMBRE DE LA NIÑA,on,FECHA DE LA COMUNIÓN,on,NOMBRE DE LA IGLESIA,on,LOCALIDAD,on,,,,,,,,
22810,RECORDATORIO DE COMUNIÓN CUADRADA DOBLE CON CARTULINA KRAFT,4,NOMBRE DE LA NIÑA,on,FECHA DE LA COMUNIÓN,on,NOMBRE DE LA IGLESIA,on,LOCALIDAD,on,,,,,,,,
22815,RECORDATORIO DE COMUNIÓN DE NIÑO CLÁSICO,4,NOMBRE DEL NIÑO,on,FECHA DE LA COMUNIÓN,on,NOMBRE DE LA IGLESIA,on,LOCALIDAD,on,,,,,,,,
22831,ETIQUETAS REDONDAS CON FESTÓN DE COMUNION (NIÑA),2,NOMBRE DE LA NIÑA,on,FECHA DE LA COMUNIÓN,on,,,,,,,,,,,,
22858,ETIQUETAS REDONDAS DE COMUNIÓN CON FESTÓN Y CON GUIRNALDA,2,NOMBRE DE LA NIÑA,on,FECHA DE LA COMUNIÓN,on,,,,,,,,,,,,
22887,DETALLE  COMUNIÓN LÁPIZ MONTADO EN CARTULINA PERSONALIZADA PARA NIÑA,4,NOMBRE DE LA NIÑA,on,FECHA DE LA COMUNIÓN,on,NOMBRE DE LA IGLESIA,off,LOCALIDAD,off,,,,,,,,
22900,DETALLE  COMUNIÓN LÁPIZ MONTADO EN CARTULINA PERSONALIZADA PARA NIÑO,4,NOMBRE DEL NIÑO,on,FECHA DE LA COMUNIÓN,on,NOMBRE DE LA IGLESIA,off,LOCALIDAD,off,,,,,,,,
22912,GUIRNALDA DE BANDERINES CON NOMBRE Y NIÑO PERSONALIZADO,4,NOMBRE DEL NIÑO,on,FECHA DE LA COMUNIÓN,off,NOMBRE DE LA IGLESIA,off,LOCALIDAD,off,,,,,,,,
22922,GUIRNALDA DE BANDERINES CON NOMBRE Y NIÑA PERSONALIZADA,4,NOMBRE DE LA NIÑA,on,FECHA DE LA COMUNIÓN,off,NOMBRE DE LA IGLESIA,off,LOCALIDAD,off,,,,,,,,
22937,LIBRO DE FIRMAS DE PRIMERA COMUNIÓN CON LOMO KRAFT Y NIÑO PERSONALIZADO,5,NOMBRE DEL NIÑO,on,APELLIDOS DEL NIÑO,on,FECHA DE LA COMUNIÓN,on,NOMBRE DE LA IGLESIA,on,LOCALIDAD DE LA COMUNIÓN,on,,,,,,
22967,DETALLE  COMUNIÓN LÁPIZ MONTADO EN CARTULINA CON CORONA DE FLORES,4,NOMBRE DE LA NIÑA,on,FECHA DE LA COMUNIÓN,on,NOMBRE DE LA IGLESIA,off,LOCALIDAD,off,,,,,,,,
23011,LIBRO DE FIRMAS CON INICIAL CON FLORES (NIÑA),6,NOMBRE DE LA NIÑA,on,APELLIDOS DE LA NIÑA,on,FECHA DE LA COMUNIÓN,on,NOMBRE DE LA IGLESIA,on,LUGAR DE LA COMUNIÓN,on,OBSERVACIONES DEL PEDIDO,on,,,,
23018,RECORDATORIO DE COMUNIÓN DOBLE CON INICIAL DE FLORES Y CARTULINA KRAFT,4,NOMBRE DE LA NIÑA,on,FECHA DE LA COMUNIÓN,on,NOMBRE DE LA IGLESIA,on,LOCALIDAD,on,,,,,,,,
23031,RECORDATORIO COMUNIÓN CON INICIAL DE FLORES,4,NOMBRE DE LA NIÑO,on,FECHA DE LA COMUNIÓN,on,NOMBRE DE LA IGLESIA,on,LOCALIDAD,on,,,,,,,,
23041,ETIQUETA CUADRADA CON INCIAL CON FLORES,4,NOMBRE DE LA NIÑA,on,FECHA DE LA COMUNIÓN,on,NOMBRE DE LA IGLESIA,on,LOCALIDAD,on,,,,,,,,
23056,RECORDATORIO DE COMUNIÓN CON INICIAL DE FLORES,4,NOMBRE DE LA NIÑA,on,FECHA DE LA COMUNIÓN,on,NOMBRE DE LA IGLESIA,on,LOCALIDAD,on,,,,,,,,
23064,RECORDATORIO DE COMUNIÓN CUADRADO CON INICIAL DE FLORES CON CARTULINA KRAFT,4,NOMBRE DE LA NIÑA,on,FECHA DE LA COMUNIÓN,on,NOMBRE DE LA IGLESIA,on,LOCALIDAD,on,,,,,,,,
23194,GUIRNALDA DE BANDERINES CON FÚTBOL Y NOMBRE  DEL NIÑO,4,NOMBRE DEL NIÑO,on,FECHA DE LA COMUNIÓN,off,NOMBRE DE LA IGLESIA,off,LOCALIDAD,off,,,,,,,,
23196,GUIRNALDA DE BANDERINES CON NOMBRE Y CORONA DE FLORES,2,NOMBRE DE LA NIÑA   O NIÑO,on,FECHA DE LA COMUNIÓN,off,,,,,,,,,,,,
23211,GUIRNALDA DE BANDERINES EN FORMA DE PENDÓN CON NOMBRE Y CORONA DE FLORES,2,NOMBRE DE LA NIÑA   O NIÑO,on,FECHA DE LA COMUNIÓN,off,,,,,,,,,,,,
23313,LÁMINA DE HUELLAS CON BAILARINA,4,NOMBRE DE LA NIÑA,on,FECHA DEL BAUTIZO/COMUNIÓN,on,NOMBRE DE LA IGLESIA,off,LOCALIDAD DEL BAUTIZO,off,,,,,,,,
23326,LÁMINA DE HUELLAS CON ELEFANTE,4,NOMBRE DE LA NIÑA,on,FECHA DEL BAUTIZO/COMUNIÓN,on,NOMBRE DE LA IGLESIA,off,LOCALIDAD DEL BAUTIZO,off,,,,,,,,
23329,INVITACIÓN DE COMUNIÓN  CON CORONA,5,NOMBRE DE LA NIÑA,on,FECHA DE LA COMUNIÓN,on,NOMBRE DE LA IGLESIA,on,LOCALIDAD,on,NOMBRE RESTAURANTE O LUGAR DE CONVITE,on,,,,,,
23331,INVITACIÓN DE COMUNIÓN CON NIÑA Y CORONA,5,NOMBRE DE LA NIÑA,on,FECHA DE LA COMUNIÓN,on,NOMBRE DE LA IGLESIA,on,LOCALIDAD,on,NOMBRE DEL RESTAURANTE O LUGAR DE CONVITE,on,,,,,,
23453,LIBRO DE FIRMAS CON MARCO DE FLORES,5,NOMBRE DE LA NIÑA,on,APELLIDOS DE LA NIÑA,off,FECHA DE LA COMUNIÓN,off,NOMBRE DE LA IGLESIA,off,LUGAR DE LA COMUNIÓN,off,,,,,,
23482,LIBRO DE FIRMAS CORONA DE FLORES SILVESTRES,5,NOMBRE DE LA NIÑA,on,APELLIDOS DE LA NIÑA,off,FECHA DE LA COMUNIÓN,on,NOMBRE DE LA IGLESIA,off,LUGAR DE LA COMUNIÓN,off,,,,,,
23497,LIBRO DE FIRMAS CON CORONA  AZUL Y VERDE,5,NOMBRE DE LA NIÑA/O,on,APELLIDOS DE LA NIÑA,off,FECHA DE LA COMUNIÓN,off,NOMBRE DE LA IGLESIA,off,OBSERVACIONES SOBRE EL PEDIDO,on,,,,,,
23502,LIBRO DE FIRMAS CON CORONA DE MIMBRE CON HOJAS,5,NOMBRE DE LA NIÑO/A,on,APELLIDOS DE LA NIÑA,off,FECHA DE LA COMUNIÓN,off,NOMBRE DE LA IGLESIA,off,LUGAR DE LA COMUNIÓN,off,,,,,,
23509,ETIQUETA CUADRADA CON FLORES SILVESTRES EN ROSA Y AZULES,4,NOMBRE DE LA NIÑA,on,FECHA/AÑO DE LA COMUNIÓN,off,NOMBRE DE LA IGLESIA,off,LOCALIDAD,off,,,,,,,,
23633,KIT PARA FIESTA - VIAJE,2,NOMBRE DE LA NIÑA,on,FECHA DE LA FIESTA ,on,,,,,,,,,,,,
23649,KIT PARA FIESTA - PIRATAS,2,NOMBRE DE LA NIÑA/O,on,FECHA DE LA FIESTA ,on,,,,,,,,,,,,
23661,KIT PARA FIESTA - OSO CUMPLEAÑOS,2,NOMBRE DE LA NIÑA/O,on,FECHA DE LA FIESTA ,on,,,,,,,,,,,,
23672,KIT PARA FIESTA - CONEJITA CUMPLEAÑOS,2,NOMBRE DE LA NIÑA/O,on,FECHA DE LA FIESTA ,on,,,,,,,,,,,,
23687,KIT PARA FIESTA - FLAMENCO,2,NOMBRE DE LA NIÑA/O,on,FECHA DE LA FIESTA ,on,,,,,,,,,,,,
23700,KIT PARA FIESTA - JIRAFA ROSA,2,NOMBRE DE LA NIÑA/O,on,FECHA DE LA FIESTA ,on,,,,,,,,,,,,
23708,LIBRO DE FIRMAS BAUTIZO CON JIRAFA EN AZUL,4,NOMBRE DEL BEBÉ,on,FECHA DEL BAUTIZO,on,NOMBRE DE LA IGLESIA,on,LOCALIDAD DEL BAUTIZO,on,,,,,,,,
23713,LIBRO DE FIRMAS BAUTIZO CON CONEJITO CON OSOS,4,NOMBRE DEL BEBÉ,on,FECHA DEL BAUTIZO,on,NOMBRE DE LA IGLESIA,on,LOCALIDAD DEL BAUTIZO,on,,,,,,,,
23721,LIBRO DE FIRMAS BAUTIZO CON OSITO EN AZUL,4,NOMBRE DEL BEBÉ,on,FECHA DEL BAUTIZO,on,NOMBRE DE LA IGLESIA,on,LOCALIDAD DEL BAUTIZO,on,,,,,,,,
23724,LIBRO DE FIRMAS BAUTIZO CON CONEJITO EN ROSA,4,NOMBRE DEL BEBÉ,on,FECHA DEL BAUTIZO,on,NOMBRE DE LA IGLESIA,on,LOCALIDAD DEL BAUTIZO,on,,,,,,,,
23727,LIBRO DE FIRMAS BAUTIZO CON ELEFANTE DORMIDO,4,NOMBRE DEL BEBÉ,on,FECHA DEL BAUTIZO,on,NOMBRE DE LA IGLESIA,on,LOCALIDAD DEL BAUTIZO,on,,,,,,,,
23777,LÁMINA DE NACIMIENTO CON OSITO CON CORONA,4,NOMBRE DEL BEBÉ,on,FECHA DE NACIMIENTO,on,MEDIDA DEL BEBÉ EN CM,on,PESO DEL BEBÉ EN GR,off,,,,,,,,
23796,LÁMINA DE NACIMIENTO CON ELEFANTE SOBRE UNA NUBE,4,NOMBRE DEL BEBÉ,on,FECHA DE NACIMIENTO,on,MEDIDA DEL BEBÉ EN CM,on,PESO DEL BEBÉ EN GR,off,,,,,,,,
23802,LÁMINA DE NACIMIENTO CON GATO EN ROSA,4,NOMBRE DEL BEBÉ,on,FECHA DE NACIMIENTO,on,MEDIDA DEL BEBÉ EN CM,on,PESO DEL BEBÉ EN GR,off,,,,,,,,
23808,LÁMINA DE NACIMIENTO CON BEBÉ Y GUIRNALDA,4,NOMBRE DEL BEBÉ,on,FECHA DE NACIMIENTO,on,MEDIDA DEL BEBÉ EN CM,on,PESO DEL BEBÉ EN GR,off,,,,,,,,
23816,KIT PARA FIESTA - GATITO,2,NOMBRE DE LA NIÑA/O,on,FECHA DE LA FIESTA ,on,,,,,,,,,,,,
23847,LIBRO DE FIRMAS DE RECUERDO DE FIN DE CURSO PARA PROFES,5,NOMBRE DEL O LA PROFE,on,,off,AÑO CURSO,on,NOMBRE DE LA IGLESIA,off,LUGAR DE LA COMUNIÓN,off,,,,,,
23853,KIT PARA FIESTA -LUNA,2,NOMBRE DE LA NIÑA/O,on,FECHA DE LA FIESTA ,on,,,,,,,,,,,,
24388,RECORDATORIO DE COMUNIÓN DE NIÑO MARCAPÁGINAS DOBLE VON CARTULINA KRAFT,5,NOMBRE DEL NIÑO,on,FECHA DE LA COMUNIÓN,on,NOMBRE DE LA IGLESIA,on,LOCALIDAD,on,OBSERVACIONES SOBRE EL PEDIDO,on,,,,,,
24391,RECORDATORIO COMUNIÓN DE NIÑO MARCAPÁGINAS CON GUIRNALDA DOBLE CON CARTULINA KRAFT,4,NOMBRE DE LA NIÑO,on,FECHA DE LA COMUNIÓN,on,NOMBRE DE LA IGLESIA,on,LOCALIDAD,on,,,,,,,,
24574,KIT PARA FIESTA -COCHES,2,NOMBRE DE LA NIÑA/O,on,FECHA DE LA FIESTA ,on,,,,,,,,,,,,
24772,TARJETAS DEL PRIMER AÑO DEL BEBÉ   modelo estrellas,1,,off,,,,,,,,,,,,,,
24774,TARJETAS DEL PRIMER AÑO DEL BEBÉ   modelo cigueña,0,,,,,,,,,,,,,,,,
24776,ÁLBUM DE FOTOS DEL PRIMER AÑO DEL BEBE,4,NOMBRE DEL BEBÉ,on,FECHA DEL BAUTIZO,off,NOMBRE DE LA IGLESIA,off,LOCALIDAD DEL BAUTIZO,off,,,,,,,,
24790,ÁLBUM DE FOTOS DEL PRIMER AÑO DEL BEBE modelo cigueña,4,NOMBRE DEL BEBÉ,on,FECHA DEL BAUTIZO,off,NOMBRE DE LA IGLESIA,off,LOCALIDAD DEL BAUTIZO,off,,,,,,,,
24807,PACK TARJETAS DEL PRIMER AÑO DEL BEBÉ  CON ALBUM A JUEGO,0,,,,,,,,,,,,,,,,
24810,PACK TARJETAS DEL PRIMER AÑO DEL BEBÉ  CON ALBUM A JUEGO modelo cigueña,4,NOMBRE DEL BEBÉ,on,FECHA DEL BAUTIZO,off,NOMBRE DE LA IGLESIA,off,LOCALIDAD,off,,,,,,,,
24873,ESPEJO DE BOLSILLO O IMÁN CON DIBUJO DE NIÑA PERSONALIZADO,5,NOMBRE DE LA NIÑA,on,APELLIDOS DE LA NIÑA,off,FECHA DE LA COMUNIÓN,on,NOMBRE DE LA IGLESIA,off,LOCALIDAD DE LA COMUNIÓN,off,,,,,,
24886,ESPEJO DE BOLSILLO O IMÁN CON DIBUJO DE NIÑO PERSONALIZADO,6,NOMBRE DEL NIÑO,on,APELLIDOS DEL NIÑO,off,FECHA DE LA COMUNIÓN,on,NOMBRE DE LA IGLESIA,off,LOCALIDAD DE LA COMUNIÓN,off,OBSERVACIONES DEL PEDIDO,on,,,,
24890,ESPEJO DE BOLSILLO O IMÁN CON ESTRELLA,5,NOMBRE DEL NIÑO,on,APELLIDOS DEL NIÑO,off,FECHA DE LA COMUNIÓN,on,NOMBRE DE LA IGLESIA,off,LOCALIDAD DE LA COMUNIÓN,off,,,,,,
24907,ESPEJO DE BOLSILLO O IMÁN CON CORAZÓN,5,NOMBRE DEL NIÑO,on,APELLIDOS DEL NIÑO,off,FECHA DE LA COMUNIÓN,on,NOMBRE DE LA IGLESIA,off,LOCALIDAD DE LA COMUNIÓN,off,,,,,,
24918,CUADERNO DE MANDALAS CON PORTADA PERSONALIZADA CON DIBUJO DE NIÑA DE COMUNIÓN,5,NOMBRE DE LA NIÑA,on,APELLIDOS DE LA NIÑA,off,FECHA DE LA COMUNIÓN,on,NOMBRE DE LA IGLESIA,off,LOCALIDAD DE LA COMUNIÓN,off,,,,,,
24928,CUADERNO DE MANDALAS CON PORTADA PERSONALIZADA CON DIBUJO DE NIÑO DE COMUNIÓN,5,NOMBRE DEL NIÑO,on,APELLIDOS DEL NIÑO,off,FECHA DE LA COMUNIÓN,on,NOMBRE DE LA IGLESIA,off,LOCALIDAD DE LA COMUNIÓN,off,,,,,,
24931,CUADERNO DE MANDALAS CON PORTADA PERSONALIZADA CON CORONA Y NOMBRE (NIÑA),2,NOMBRE DE LA NIÑA ,on,FECHA DE LA COMUNIÓN,on,,,,,,,,,,,,
24934,CUADERNO DE MANDALAS CON PORTADA PERSONALIZADA CON CORONA Y NOMBRE,2,NOMBRE DE LA NIÑA ,on,FECHA DE LA COMUNIÓN,on,,,,,,,,,,,,
24937,BOTE DE PINTURAS PARA COLOREAR PERSONALIZADO,2,NOMBRE DEL NIÑO ,on,FECHA DE LA COMUNIÓN,on,,,,,,,,,,,,
24951,LIBRO DE FIRMAS DE PRIMERA COMUNIÓN CON LOMO KRAFT Y NIÑA PERSONALIZADO,5,NOMBRE DE LA NIÑA,on,APELLIDOS DE LA NIÑA,on,FECHA DE LA COMUNIÓN,on,NOMBRE DE LA IGLESIA,on,LOCALIDAD DE LA COMUNIÓN,on,,,,,,
24974,BOTE PARA CHUCHES CON ETIQUETA PERSONALIZADA,2,NOMBRE DEL NIÑO,on,FECHA DE COMUNIÓN,on,,,,,,,,,,,,
25008,LIBRO DE FIRMAS DE COMUNION DE TELA CON  CORONA DE FLORES PERSONALIZADO,6,NOMBRE DE LA NIÑA O NIÑO,on,APELLIDOS DE LA NIÑA O NIÑO,on,FECHA DE LA COMUNIÓN,on,NOMBRE DE LA IGLESIA,on,LUGAR DE LA COMUNIÓN,on,OBSERVACIONES,on,,,,
25015,LIBRO DE FIRMAS DE PRIMERA COMUNIÓN DE TELA PERSONALIZADO (NIÑA),5,NOMBRE DE LA NIÑA,on,APELLIDOS DE LA NIÑA,on,FECHA DE LA COMUNIÓN,on,NOMBRE DE LA IGLESIA,on,LOCALIDAD DE LA COMUNIÓN,on,,,,,,
25018,LIBRO DE FIRMAS DE PRIMERA COMUNIÓN DE TELA Y NIÑO PERSONALIZADO,7,NOMBRE DEL NIÑO,on,APELLIDOS DEL NIÑO,on,FECHA DE LA COMUNIÓN,on,NOMBRE DE LA IGLESIA,on,LOCALIDAD DE LA COMUNIÓN,on,OBSERVACIONES SOBRE EL PEDIDO,on,OBSERVACIONES SOBRE EL PEDIDO,on,,
25027,RECORDATORIO COMUNIÓN  MARCAPÁGINAS DOBLE CON CRUZ EN RELIEVE,4,NOMBRE DE LA NIÑA/O,on,FECHA DE LA COMUNIÓN,on,NOMBRE DE LA IGLESIA,on,LOCALIDAD,on,,,,,,,,
25032,RECORDATORIO COMUNIÓN  MARCAPÁGINAS DOBLE CON PEZ EN RELIEVE,4,NOMBRE DE LA NIÑA/O,on,FECHA DE LA COMUNIÓN,on,NOMBRE DE LA IGLESIA,on,LOCALIDAD,on,,,,,,,,
25037,ESTUCHE DE MADERA CON LÁPICES DE COLORES,2,NOMBRE DEL NIÑO ,on,FECHA DE LA COMUNIÓN,on,,,,,,,,,,,,
25062,VASO CON VELA EN CAJA BLANCA PERSONALIZADA CON DIBUJO DE BEBÉ O CIGÜEÑA,5,NOMBRE DE LA NIÑA O NIÑO,on,APELLIDOS DE LA NIÑA,off,FECHA DE LA COMUNIÓN,on,NOMBRE DE LA IGLESIA,off,LOCALIDAD DE LA COMUNIÓN,off,,,,,,
25689,PULSERAS CON CRUZ Y CORDÓN DE ALGODON EN TONOS PASTELES,2,NOMBRE DEL NIÑO,on,FECHA DE COMUNIÓN,on,,,,,,,,,,,,
25710,GARGANTILLA CON CRUZ PLATEADA,2,NOMBRE DEL NIÑO/A,on,FECHA DE COMUNIÓN,on,,,,,,,,,,,,
25733,CUADERNO KRAFT A5 CON PORTADA PERSONALIZADA CON CORONA,2,NOMBRE DEL NIÑO,on,FECHA DE COMUNIÓN,on,,,,,,,,,,,,
25737,CUADERNO A5 KRAFT CON PORTADA PERSONALIZADA CON DIBUJO DE NIÑO,5,NOMBRE DEL NIÑO,on,APELLIDOS DEL NIÑO,off,FECHA DE LA COMUNIÓN,on,NOMBRE DE LA IGLESIA,off,LOCALIDAD DE LA COMUNIÓN,off,,,,,,
25747,CUADERNO A5 KRAFT CON ETIQUETA VICHY PERSONALIZADA,5,NOMBRE DEL NIÑO,on,APELLIDOS DEL NIÑO,off,FECHA DE LA COMUNIÓN,on,NOMBRE DE LA IGLESIA,off,LOCALIDAD DE LA COMUNIÓN,off,,,,,,
25756,CUADERNO KRAFT CON ETIQUETA PERSONALIZADA CON NIÑA DE COMUNIÓN,5,NOMBRE DE LA NIÑA,on,APELLIDOS DE LA NIÑA,on,FECHA DE LA COMUNIÓN,on,NOMBRE DE LA IGLESIA,on,LOCALIDAD DE LA COMUNIÓN,on,,,,,,
25791,LLAVERO CON CRUZ Y CORDÓN DE ALGODÓN ENCERADO,2,NOMBRE DEL NIÑO/A,on,FECHA DEL EVENTO,on,,,,,,,,,,,,
25936,PULSERAS CON CUENTA REDONDA CON CRUZ Y CON CORDÓN DE ALGODÓN ENCERADO,3,NOMBRE DEL NIÑO/A,on,FECHA DE COMUNIÓN O EVENTO,on,OBSERVACIONES DEL PEDIDO,on,,,,,,,,,,
26390,PULSERAS CON CUENTA REDONDA CON CORAZÓN CON CORDÓN  DE ALGODÓN ENCERADO,2,NOMBRE DEL NIÑO/A,on,FECHA DE COMUNIÓN O EVENTO,on,,,,,,,,,,,,
26419,PULSERAS CON CUENTA REDONDA CON ESTRELLA DORADA CON CORDÓN  DE ALGODÓN ENCERADO,2,NOMBRE DEL NIÑO/A,on,FECHA DE COMUNIÓN O EVENTO,on,,,,,,,,,,,,
26440,PULSERAS CON ESTRELLA Y CON CORDÓN  DE ALGODÓN ENCERADO,3,NOMBRE DEL NIÑO/A,on,"FECHA DE COMUNIÓN, BAUTIZO O EVENTO",on,OBSERVACIONES SOBRE EL PEDIDO,on,,,,,,,,,,
26451,KIT PARA FIESTA -PERRO SALCHICHA,2,NOMBRE DE LA NIÑA/O,on,FECHA DE LA FIESTA ,on,,,,,,,,,,,,
26491,PULSERAS CON CRUCES DE COLORES Y CORDON DE ALGODÓN ENCERADO,3,NOMBRE DEL NIÑO,on,FECHA DE COMUNIÓN,on,OBSERVACIONES SOBRE EL PEDIDO,on,,,,,,,,,,
26519,"PULSERAS CON CRUCES DE COLORES Y CORDON DE ALGODÓN ENCERADO CON TARJETA COLECCIÓN  ""pájaro""",2,NOMBRE DEL NIÑO,on,FECHA DE COMUNIÓN,on,,,,,,,,,,,,
26534,"LIBRO DE FIRMAS DE TELA  COLECCIÓN  ""pájaro""",5,NOMBRE DE LA NIÑA/O,on,APELLIDOS DE LA NIÑA,off,FECHA DE LA COMUNIÓN,on,NOMBRE DE LA IGLESIA,off,LUGAR DE LA COMUNIÓN,off,,,,,,
26537,"ETIQUETAS CUADRADA COLECCIÓN ""pájaro""",2,NOMBRE DE LA NIÑA,on,FECHA DE LA COMUNIÓN,on,,,,,,,,,,,,
26540,"ETIQUETAS REDONDAS COLECCIÓN ""pájaro""",2,NOMBRE DE LA NIÑA,on,FECHA DE LA COMUNIÓN,on,,,,,,,,,,,,
26560,"ETIQUETAS REDONDAS COLECCIÓN CORONA ""Sofía""",2,NOMBRE DE LA NIÑA,on,FECHA DE LA COMUNIÓN,on,,,,,,,,,,,,
26564,"ETIQUETAS CUADRADA COLECCIÓN CORONA ""Sofía""",2,NOMBRE DE LA NIÑA,on,FECHA DE LA COMUNIÓN,on,,,,,,,,,,,,
26578,"LIBRO DE FIRMAS DE TELA DE BODA colección ""flores moradas""",5,NOMBRE DE LOS NOVIOS,on,APELLIDOS DE LA NIÑA,off,FECHA DE LA COMUNIÓN,off,NOMBRE DE LA IGLESIA,off,LUGAR DE LA COMUNIÓN,off,,,,,,
26588,"LIBRO DE FIRMAS DE TELA DE BODA COLECCIÓN  ""ramas eucalipto""",5,NOMBRE DE LOS NOVIOS,on,APELLIDOS DE LA NIÑA,off,FECHA DE LA COMUNIÓN,off,NOMBRE DE LA IGLESIA,off,LUGAR DE LA COMUNIÓN,off,,,,,,
26772,"RECORDATORIO COMUNIÓN CON DIBUJO DE LA COLECCIÓN ""inicial flores lila""",4,NOMBRE DE LA NIÑA,on,FECHA DE LA COMUNIÓN,on,NOMBRE DE LA IGLESIA,on,LOCALIDAD,on,,,,,,,,
26796,LLAVERO CON BORLA DE YUTE Y COLGANTE,2,NOMBRE DEL NIÑO/A,on,FECHA DEL EVENTO,on,,,,,,,,,,,,
26802,LLAVERO CON ESTRELLA Y COLGANTE,3,NOMBRE DEL NIÑO/A,on,FECHA DEL EVENTO,on,OBSERVACIONES SOBRE EL PEDIDO,on,,,,,,,,,,
26805,LLAVERO CON BORLA DE YUTE Y COLGANTE CON INICIAL,3,NOMBRE DEL NIÑO/A,on,FECHA DEL EVENTO,on,INICIALES,on,,,,,,,,,,
26813,LLAVERO CON ESTRELLA Y COLGANTE CON INICIAL,3,NOMBRE DEL NIÑO/A,on,FECHA DEL EVENTO,on,,off,,,,,,,,,,
26863,PULSERA CON CRUZ DE COLORES Y TARJETA PERSONALIZADA CON DIBUJO NIÑO DE COMUNIÓN,4,NOMBRE DEL NIÑO,on,FECHA DE LA COMUNIÓN,on,NOMBRE DE LA IGLESIA,off,OBSERVACION SOBRE EL PEDIDO,on,,,,,,,,
26867,PULSERA CON CRUZ  DE COLORES Y TARJETA PERSONALIZADA CON NIÑA DE COMUNIÓN,4,NOMBRE DE LA NIÑA,on,FECHA DE LA COMUNIÓN,on,NOMBRE DE LA IGLESIA,off,LOCALIDAD,on,,,,,,,,
26873,CAJA PICNIC CON PEGATINA O ETIQUETA PERSONALIZADA,4,NOMBRE DEL NIÑO,on,FECHA DE COMUNIÓN O EVENTO,off,TEMÁTICA A ELEGIR DE LAS DISPONIBLES EN LA TIENDA,off,TEMÁTICA,on,,,,,,,,
26927,VASO KRAFT CON TAPA Y ETIQUETA PERSONALIZADA PARA CHUCHES,3,NOMBRE DEL NIÑO,on,FECHA DE COMUNIÓN O EVENTO,on,TEMÁTICA A ELEGIR DE LAS DISPONIBLES EN LA TIENDA,on,,,,,,,,,,
26947,"LIBRO DE FIRMAS DE TELA COLECCIÓN  ""barquito de papel""",5,NOMBRE DE LA NIÑA/O,on,APELLIDOS DE LA NIÑO,on,FECHA DE LA COMUNIÓN,on,NOMBRE DE LA IGLESIA,on,LUGAR DE LA COMUNIÓN,on,,,,,,
26949,"RECORDATORIO COMUNIÓN CON DIBUJO DE LA COLECCIÓN ""barquito de papel""",4,NOMBRE DE LA NIÑA,on,FECHA DE LA COMUNIÓN,on,NOMBRE DE LA IGLESIA,on,LOCALIDAD,on,,,,,,,,
26954,"RECORDATORIO COMUNIÓN CON DIBUJO DE LA COLECCIÓN ""pájaro""",4,NOMBRE DE LA NIÑA,on,FECHA DE LA COMUNIÓN,on,NOMBRE DE LA IGLESIA,on,LOCALIDAD,on,,,,,,,,
26962,"ETIQUETAS REDONDAS COLECCIÓN ""barquito de papel""",2,NOMBRE DEL NIÑO,on,FECHA DE LA COMUNIÓN,on,,,,,,,,,,,,
26976,"RECORDATORIO COMUNIÓN CON DIBUJO DE LA COLECCIÓN CORONA ""Martina""",4,NOMBRE DE LA NIÑA,on,FECHA DE LA COMUNIÓN,on,NOMBRE DE LA IGLESIA,on,LOCALIDAD,on,,,,,,,,
26982,"ETIQUETAS REDONDAS COLECCIÓN CORONA ""Martina""",2,NOMBRE DEL NIÑO,on,FECHA DE LA COMUNIÓN,on,,,,,,,,,,,,
27003,"LIBRO DE FIRMAS DE TELA COLECCIÓN CORONA ""Sara""",5,NOMBRE DE LA NIÑA/O,on,APELLIDOS DE LA NIÑA,off,FECHA DE LA COMUNIÓN,on,NOMBRE DE LA IGLESIA,off,LUGAR DE LA COMUNIÓN,off,,,,,,
27005,"RECORDATORIO COMUNIÓN CON DIBUJO DE LA COLECCIÓN CORONA ""Sara""",4,NOMBRE DE LA NIÑA,on,FECHA DE LA COMUNIÓN,on,NOMBRE DE LA IGLESIA,on,LOCALIDAD,on,,,,,,,,
27012,RECORDATORIO BAUTIZO CUADRADO ELEFANTE O OSO,4,NOMBRE DEL NIÑO/A,on,FECHA DE LA COMUNIÓN,on,NOMBRE DE LA IGLESIA,on,LOCALIDAD,on,,,,,,,,
27051,LIBRO DE FIRMAS DE PRIMERA COMUNIÓN CON NIÑA PERSONALIZADA,5,NOMBRE DE LA NIÑA,on,APELLIDOS DE LA NIÑA,on,FECHA DE LA COMUNIÓN,on,NOMBRE DE LA IGLESIA,on,LOCALIDAD DE LA COMUNIÓN,on,,,,,,
27059,LIBRO DE FIRMAS DE PRIMERA COMUNIÓN CON NIÑO PERSONALIZADO,5,NOMBRE DEL NIÑO,on,APELLIDOS DEL NIÑO,on,FECHA DE LA COMUNIÓN,on,NOMBRE DE LA IGLESIA,on,LOCALIDAD DE LA COMUNIÓN,on,,,,,,
27073,"LIBRO DE FIRMAS DE TELA COLECCIÓN “inicial dorada"" apaisado con lazo",6,NOMBRE DE LA NIÑA/O,on,APELLIDOS DE LA NIÑA,off,FECHA DE LA COMUNIÓN,on,NOMBRE DE LA IGLESIA,off,LUGAR DE LA COMUNIÓN,off,OBSERVACIONES SOBRE EL PEDIDO,on,,,,
27076,"LIBRO DE FIRMAS DE TELA COLECCIÓN CORONA ""Martina""",5,NOMBRE DE LA NIÑA/O,on,APELLIDOS DE LA NIÑA,off,FECHA DE LA COMUNIÓN,on,NOMBRE DE LA IGLESIA,off,LUGAR DE LA COMUNIÓN,off,,,,,,
27092,LLAVERO CON BOLA DE MADERA Y COLGANTE NÁCAR,2,NOMBRE DEL NIÑO/A,on,FECHA DEL EVENTO,on,,,,,,,,,,,,
27106,LIBRO DE FIRMAS BAUTIZO CON OSITO,4,NOMBRE DEL BEBÉ,on,FECHA DEL BAUTIZO,on,NOMBRE DE LA IGLESIA,on,LOCALIDAD DEL BAUTIZO,on,,,,,,,,
27134,"RECORDATORIO BAUTIZO ""conejo juguete""",4,NOMBRE DEL NIÑO/A,on,FECHA DE LA COMUNIÓN,on,NOMBRE DE LA IGLESIA,on,LOCALIDAD,on,,,,,,,,
27145,"RECORDATORIO COMUNIÓN CON DIBUJO DE LA COLECCIÓN ""inicial dorada""",4,NOMBRE DE LA NIÑA,on,FECHA DE LA COMUNIÓN,on,NOMBRE DE LA IGLESIA,on,LOCALIDAD,on,,,,,,,,
27147,RECORDATORIO BAUTIZO CUADRADO ELEFANTE CON ESTRELLAS,4,NOMBRE DEL NIÑO/A,on,FECHA DE LA COMUNIÓN,on,NOMBRE DE LA IGLESIA,on,LOCALIDAD,on,,,,,,,,
27351,FAJÍN PARA BOTELLAS DE COMUNIÓN (NIÑA),2,NOMBRE DE LA NIÑA,on,FECHA DE LA COMUNIÓN,on,,,,,,,,,,,,
27541,PULSERAS CON ESTRELLA Y CON CORDÓN  DE ALGODÓN ENCERADO PARA BODA CON TARJETA PERSONALIZADA,2,NOMBRE DEL NIÑO/A,on,"FECHA DE COMUNIÓN, BAUTIZO O EVENTO",on,,,,,,,,,,,,
27632,"INVITACIÓN BODA colección ""HORTENSIA""",5,NOMBRE DE LOS NOVIOS,on,FECHA DE LA BODA,on,"TEXTO DE LA INVITACIÓN
",on,LOCALIDAD,off,NOMBRE DEL RESTAURANTE O LUGAR DE CONVITE,off,,,,,,
27640,"ETIQUETA CUADRADA BODA colección ""HORTENSIA""",4,NOMBRE DE  LOS NOVIOS,on,FECHA DE LA BODA,on,NOMBRE DE LA IGLESIA,off,LOCALIDAD,off,,,,,,,,
27647,"ETIQUETAS REDONDAS BODA colección ""HORTENSIA""",2,NOMBRE DE LOS NOVIOS,on,FECHA DE LA BODA,on,,,,,,,,,,,,
27653,"MARCASITIO BODA colección ""HORTENSIA""",2,NOMBRE DEL NIÑO,off,FECHA DE LA COMUNIÓN,off,,,,,,,,,,,,
27659,"TARJETA LISTA DE BODA colección ""HORTENSIA""",3,NOMBRE DE LOS NOVIOS,on,FRASE O TEXTO,on,NUMERO DE CUENTA,on,,,,,,,,,,
27662,"MENÚ DE BODA colección ""HORTENSIA""",3,NOMBRE DE LOS NOVIOS,on,FECHA DE LA BODA,on,MENÚ,on,,,,,,,,,,
27668,"TARJETA AGRADECIMIENTO colección ""HORTENSIA""",3,NOMBRE DE LOS NOVIOS,on,FRASE O TEXTO,on,NUMERO DE CUENTA,on,,,,,,,,,,
27674,"TARJETA PARA NOMBRES DE MESAS colección ""HORTENSIA""",3,NOMBRE DE LOS NOVIOS,on,FECHA DE LA BODA,on,MENÚ,on,,,,,,,,,,
27675,"MISAL colección ""HORTENSIA""",3,NOMBRE DE LOS NOVIOS,on,FECHA DE LA BODA,on,MENÚ,on,,,,,,,,,,
27676,"MESERO colección ""HORTENSIA""",3,NOMBRE DE LOS NOVIOS,on,FECHA DE LA BODA,on,MENÚ,on,,,,,,,,,,
27680,"INVITACIÓN BODA colección ""GRANATE""",5,NOMBRE DE LOS NOVIOS,on,FECHA DE LA BODA,on,"TEXTO DE LA INVITACIÓN
",on,LOCALIDAD,off,NOMBRE DEL RESTAURANTE O LUGAR DE CONVITE,off,,,,,,
27693,"MESERO colección ""GRANATE""",3,NOMBRE DE LOS NOVIOS,on,FECHA DE LA BODA,on,MENÚ,on,,,,,,,,,,
27694,"TARJETA PARA NOMBRES DE MESAS colección ""GRANATE""",3,NOMBRE DE LOS NOVIOS,on,FECHA DE LA BODA,on,MENÚ,on,,,,,,,,,,
27696,"MENÚ DE BODA colección ""GRANATE""",3,NOMBRE DE LOS NOVIOS,on,FECHA DE LA BODA,on,MENÚ,on,,,,,,,,,,
27697,"TARJETA LISTA DE BODA colección ""GRANATE""",3,NOMBRE DE LOS NOVIOS,on,FRASE O TEXTO,on,NUMERO DE CUENTA,on,,,,,,,,,,
27703,"TARJETA AGRADECIMIENTO colección ""GRANATE""",3,NOMBRE DE LOS NOVIOS,on,FRASE O TEXTO,on,NUMERO DE CUENTA,on,,,,,,,,,,
27706,"MARCASITIO BODA colección ""GRANATE""",2,NOMBRE DEL NIÑO,off,FECHA DE LA COMUNIÓN,off,,,,,,,,,,,,
27709,"MISAL colección ""GRANATE""",3,NOMBRE DE LOS NOVIOS,on,FECHA DE LA BODA,on,MENÚ,on,,,,,,,,,,
27712,"ETIQUETAS REDONDAS BODA colección ""GRANATE""",2,NOMBRE DE LOS NOVIOS,on,FECHA DE LA BODA,on,,,,,,,,,,,,
27716,"ETIQUETA CUADRADA BODA colección ""GRANATE""",4,NOMBRE DE  LOS NOVIOS,on,FECHA DE LA BODA,on,NOMBRE DE LA IGLESIA,off,LOCALIDAD,off,,,,,,,,
27735,LLAVERO CON BOLA DE MADERA Y COLGANTE INICIAL,3,NOMBRE DE NOVIOS O NIÑO,on,FECHA DEL EVENTO,on,PONER INICIAL ,on,,,,,,,,,,
27810,"INVITACIÓN BODA colección ""CORONA FRAMBUESA""",5,NOMBRE DE LOS NOVIOS,on,FECHA DE LA BODA,on,"TEXTO DE LA INVITACIÓN
",on,LOCALIDAD,off,NOMBRE DEL RESTAURANTE O LUGAR DE CONVITE,off,,,,,,
27827,"ETIQUETA CUADRADA BODA colección ""CORONA FRAMBUESA""",4,NOMBRE DE  LOS NOVIOS,on,FECHA DE LA BODA,on,NOMBRE DE LA IGLESIA,off,LOCALIDAD,off,,,,,,,,
27834,"ETIQUETA CUADRADA BODA colección ""CORONA FRAMBUESA""",4,NOMBRE DE  LOS NOVIOS,on,FECHA DE LA BODA,on,NOMBRE DE LA IGLESIA,off,LOCALIDAD,off,,,,,,,,
27839,"MARCASITIO BODA colección ""CORONA FRAMBUESA""",2,NOMBRE DEL NIÑO,off,FECHA DE LA COMUNIÓN,off,,,,,,,,,,,,
27843,"MENÚ DE BODA colección ""CORONA FRAMBUESA""",3,NOMBRE DE LOS NOVIOS,on,FECHA DE LA BODA,on,MENÚ,on,,,,,,,,,,
27844,"MESERO colección ""CORONA FRAMBUESA""",3,NOMBRE DE LOS NOVIOS,on,FECHA DE LA BODA,on,MENÚ,on,,,,,,,,,,
27847,"TARJETA PARA NOMBRES DE MESAS colección ""CORONA FRAMBUESA""",3,NOMBRE DE LOS NOVIOS,on,FECHA DE LA BODA,on,MENÚ,on,,,,,,,,,,
27848,"TARJETA LISTA DE BODA colección ""CORONA FRAMBUESA""",3,NOMBRE DE LOS NOVIOS,on,FRASE O TEXTO,on,NUMERO DE CUENTA,on,,,,,,,,,,
27851,"TARJETA AGRADECIMIENTO colección ""CORONA FRAMBUESA""",3,NOMBRE DE LOS NOVIOS,on,FRASE O TEXTO,on,NUMERO DE CUENTA,on,,,,,,,,,,
27854,"MISAL colección ""CORONA FRAMBUESA""",3,NOMBRE DE LOS NOVIOS,on,FECHA DE LA BODA,on,NOMBRE IGLESIA,on,,,,,,,,,,
28062,"MISAL colección ""CAMPESTRE""",3,NOMBRE DE LOS NOVIOS,on,FECHA DE LA BODA,on,NOMBRE IGLESIA,on,,,,,,,,,,
28079,"TARJETA AGRADECIMIENTO colección ""CAMPESTRE""",3,NOMBRE DE LOS NOVIOS,on,FRASE O TEXTO,on,NUMERO DE CUENTA,on,,,,,,,,,,
28082,"TARJETA LISTA DE BODA colección ""CAMPESTRE""",3,NOMBRE DE LOS NOVIOS,on,FRASE O TEXTO,on,NUMERO DE CUENTA,on,,,,,,,,,,
28085,"TARJETA PARA NOMBRES DE MESAS colección ""CAMPESTRE""",3,NOMBRE DE LOS NOVIOS,on,FECHA DE LA BODA,on,MENÚ,on,,,,,,,,,,
28087,"MENÚ DE BODA colección ""CAMPESTRE""",3,NOMBRE DE LOS NOVIOS,on,FECHA DE LA BODA,on,MENÚ,on,,,,,,,,,,
28088,"INVITACIÓN BODA colección ""CAMPESTRE""",5,NOMBRE DE LOS NOVIOS,on,FECHA DE LA BODA,on,"TEXTO DE LA INVITACIÓN
",on,LOCALIDAD,off,NOMBRE DEL RESTAURANTE O LUGAR DE CONVITE,off,,,,,,
28093,"MARCASITIO BODA colección ""CAMPESTRE""",2,NOMBRE DEL NIÑO,off,FECHA DE LA COMUNIÓN,off,,,,,,,,,,,,
28096,"ETIQUETA REDONDA BODA colección ""CAMPESTRE""",4,NOMBRE DE  LOS NOVIOS,on,FECHA DE LA BODA,on,NOMBRE DE LA IGLESIA,off,LOCALIDAD,off,,,,,,,,
28101,"ETIQUETA CUADRADA BODA colección ""CAMPESTRE""",4,NOMBRE DE  LOS NOVIOS,on,FECHA DE LA BODA,on,NOMBRE DE LA IGLESIA,off,LOCALIDAD,off,,,,,,,,
28109,"ETIQUETA REDONDA BODA colección ""LILA""",4,NOMBRE DE  LOS NOVIOS,on,FECHA DE LA BODA,on,NOMBRE DE LA IGLESIA,off,LOCALIDAD,off,,,,,,,,
28136,"ETIQUETA CUADRADA BODA colección ""LILA""",4,NOMBRE DE  LOS NOVIOS,on,FECHA DE LA BODA,on,NOMBRE DE LA IGLESIA,off,LOCALIDAD,off,,,,,,,,
28142,"MARCASITIO BODA colección ""LILA""",2,NOMBRE DEL NIÑO,off,FECHA DE LA COMUNIÓN,off,,,,,,,,,,,,
28146,"MENÚ DE BODA colección ""LILA""",3,NOMBRE DE LOS NOVIOS,on,FECHA DE LA BODA,on,MENÚ,on,,,,,,,,,,
28148,"TARJETA PARA NOMBRES DE MESAS colección ""LILA""",3,NOMBRE DE LOS NOVIOS,on,FECHA DE LA BODA,on,MENÚ,on,,,,,,,,,,
28152,"INVITACIÓN BODA colección ""LILA""",5,NOMBRE DE LOS NOVIOS,on,FECHA DE LA BODA,on,"TEXTO DE LA INVITACIÓN
",on,LOCALIDAD,off,NOMBRE DEL RESTAURANTE O LUGAR DE CONVITE,off,,,,,,
28162,"TARJETA LISTA DE BODA colección ""LILA""",3,NOMBRE DE LOS NOVIOS,on,FRASE O TEXTO,on,NUMERO DE CUENTA,on,,,,,,,,,,
28165,"TARJETA AGRADECIMIENTO colección ""LILA""",3,NOMBRE DE LOS NOVIOS,on,FRASE O TEXTO,on,NUMERO DE CUENTA,on,,,,,,,,,,
28170,"MISAL colección ""LILA""",3,NOMBRE DE LOS NOVIOS,on,FECHA DE LA BODA,on,MENÚ,on,,,,,,,,,,
28171,"MESERO colección ""LILA""",3,NOMBRE DE LOS NOVIOS,on,FECHA DE LA BODA,on,MENÚ,on,,,,,,,,,,
28172,"MESERO colección ""CAMPESTRE""",3,NOMBRE DE LOS NOVIOS,on,FECHA DE LA BODA,on,MENÚ,on,,,,,,,,,,
28245,LIBRO DE FIRMAS VICHY DE PRIMERA COMUNIÓN CON NIÑA PERSONALIZADA,5,NOMBRE DE LA NIÑA,on,APELLIDOS DE LA NIÑA,on,FECHA DE LA COMUNIÓN,on,NOMBRE DE LA IGLESIA,on,LOCALIDAD DE LA COMUNIÓN,on,,,,,,
28258,LIBRO DE FIRMAS VICHY DE PRIMERA COMUNIÓN CON NIÑO PERSONALIZADO,6,NOMBRE DEL NIÑO,on,APELLIDOS DEL NIÑO,on,FECHA DE LA COMUNIÓN,on,NOMBRE DE LA IGLESIA,on,LOCALIDAD DE LA COMUNIÓN,on,OBSERVACIONES SOBRE EL PEDIDO,on,,,,
28272,ETIQUETAS REDONDAS VICHY,3,NOMBRE DEL NIÑO/A,on,FECHA DE LA COMUNIÓN,on,OBSERVACIONES SOBRE EL PEDIDO,on,,,,,,,,,,
28280,ETIQUETAS TIPO TAG VICHY,2,NOMBRE DEL NIÑO/A,on,FECHA DE LA COMUNIÓN,on,,,,,,,,,,,,
28298,PULSERAS CON CRUCES DE COLORES Y CORDON DE ALGODÓN ENCERADO CON TARJETA VICHY,3,NOMBRE DEL NIÑO,on,FECHA DE COMUNIÓN,on,OBSERVACIONES SOBRE EL PEDIDO,on,,,,,,,,,,
28326,LLAVERO CON INICIAL DE MADERA,4,NOMBRE DE NOVIOS O NIÑO,on,FECHA DEL EVENTO,on,PONER INICIAL ,on,OBSERVACIONES SOBRE EL PEDIDO,on,,,,,,,,
28336,LLAVERO DE MADERA CON CRUZ O ESTRELLA,3,NOMBRE DE NOVIOS O NIÑO,on,FECHA DEL EVENTO,on,OSERVACIONES SOBRE EL PEDIDO,on,,,,,,,,,,
28354,DETALLE  COMUNIÓN LÁPIZ CON NOMBRE DE MADERA MONTADO EN CARTULINA PERSONALIZADA,4,NOMBRE DE LA NIÑA/NIÑO,on,FECHA DE LA COMUNIÓN,on,NOMBRES DE MADERA,on,LOCALIDAD,off,,,,,,,,
28461,INVITACIÓN DE COMUNIÓN CON CUADROS VICHY ( apaisado 15 x 10 cm),5,NOMBRE DE LA NIÑA/O,on,FECHA DE LA COMUNIÓN,on,NOMBRE DE LA IGLESIA,on,LOCALIDAD,on,NOMBRE RESTAURANTE O LUGAR DE CONVITE,on,,,,,,
28486,RECORDATORIO DE COMUNIÓN MARCAPÁGINAS NIÑA DOBLE CON CARTULINA VICHY,4,NOMBRE DE LA NIÑA,on,FECHA DE LA COMUNIÓN,on,NOMBRE DE LA IGLESIA,on,LOCALIDAD,on,,,,,,,,
28580,LLAVERO CON CRUZ DE COLOR HUESO Y CORDÓN DE ALGODÓN ENCERADO,2,NOMBRE DEL NIÑO/A,on,FECHA DEL EVENTO,on,,,,,,,,,,,,
32512,KIT PARA FIESTA - SIRENA,,,,,,,,,,,,,,,,,
32627,LLAVERO CON CRUZ Y CORDÓN DE ALGODÓN ENCERADO,3,NOMBRE DEL NIÑO/A,on,FECHA DEL EVENTO,on,OBSERVACIONES SOBRE EL PEDIDO,on,,,,,,,,,,
32712,"TARJETA PARA NOMBRES DE MESAS colección ""HORTENSIA""",,,,,,,,,,,,,,,,,
32717,"MESERO colección ""CORONA FRAMBUESA""",,,,,,,,,,,,,,,,,
32718,"MISAL colección ""CAMPESTRE""",,,,,,,,,,,,,,,,,
32726,"MENÚ DE BODA colección ""LILA""",,,,,,,,,,,,,,,,,
32727,"TARJETA PARA NOMBRES DE MESAS colección ""LILA""",1,,off,,,,,,,,,,,,,,
32728,"MISAL colección ""LILA""",,,,,,,,,,,,,,,,,
32729,"MESERO colección ""CAMPESTRE""",,,,,,,,,,,,,,,,,
32743,BOLSA DE LINO EN COLORES PASTEL CON O SIN LLAVERO,1,,off,,,,,,,,,,,,,,
32746,"PULSERAS CON CRUCES DE COLORES Y CORDON DE ALGODÓN ENCERADO CON TARJETA COLECCIÓN  ""pájaro"" (copia)",,,,,,,,,,,,,,,,,
32747,"PULSERAS CON CRUCES Y CORDÓN DE ALGODÓN ENCERADO CON TARJETA  ""elefante""",3,NOMBRE DEL NIÑO,on,FECHA DEL EVENTO,on,OBSERVACIONES SOBRE EL PEDIDO,on,,,,,,,,,,
32748,CARTA PAPÁ NOEL gratis,,,,,,,,,,,,,,,,,
32749,CARTA REYES MAGOS gratis,,,,,,,,,,,,,,,,,
32750,KIT DE NAVIDAD gratis,,,,,,,,,,,,,,,,,
32751,ETIQUETAS REYES MAGOS gratis,,,,,,,,,,,,,,,,,
32752,ETIQUETAS PAPÁ NOEL gratis,,,,,,,,,,,,,,,,,
32782,ETIQUETAS NAVIDAD gratis,,,,,,,,,,,,,,,,,
32783,ETIQUETA TAG DE COMUNIÓN  DE NIÑO,1,,off,,,,,,,,,,,,,,
32784,ETIQUETA REDONDA DE COMUNIÓN  DE NIÑO (copia),,,,,,,,,,,,,,,,,
32926,INVITACIÓN DIGITAL DE COMUNIÓN CON NIÑO,6,NOMBRE DEL NIÑO,on,FECHA DE LA COMUNIÓN,on,IGLESIA,on,LOCALIDAD,on,LUGAR DEL CONVITE,on,HORA DEL EVENTO,on,,,,
32934,INVITACIÓN DIGITAL DE COMUNIÓN DE NIÑA,6,NOMBRE DE LA NIÑA,on,FECHA DE LA COMUNIÓN,on,IGLESIA,on,LOCALIDAD,on,LUGAR DEL CONVITE,on,HORA DEL EVENTO,on,,,,
32951,INVITACIÓN DIGITAL DE COMUNIÓN CON CUADROS VICHY,6,NOMBRE DE LA NIÑA/O,on,FECHA DE LA COMUNIÓN,on,NOMBRE DE LA IGLESIA,on,LOCALIDAD,on,NOMBRE RESTAURANTE O LUGAR DE CONVITE,on,HORA DEL EVENTO,on,,,,
32960,INVITACIÓN DIGITAL DE COMUNIÓN CON CORONA,6,NOMBRE DE LA NIÑA,on,FECHA DE LA COMUNIÓN,on,NOMBRE DE LA IGLESIA,on,LOCALIDAD,on,NOMBRE RESTAURANTE O LUGAR DE CONVITE,on,HORA DEL EVENTO,on,,,,
32968,INVITACIÓN DIGITAL DE COMUNIÓN DE NIÑA CON CÍRCULO,6,NOMBRE DE LA NIÑA,on,FECHA DE LA COMUNIÓN,on,IGLESIA,on,LOCALIDAD,on,LUGAR DEL CONVITE,on,HORA DEL EVENTO,on,,,,
32973,INVITACIÓN DIGITAL DE COMUNIÓN CON NIÑO CON CÍRCULO,6,NOMBRE DEL NIÑO,on,FECHA DE LA COMUNIÓN,on,IGLESIA,on,LOCALIDAD,on,LUGAR DEL CONVITE,on,HORA DEL EVENTO,on,,,,
33116,RECORDATORIO COMUNIÓN MARCAPÁGINAS CON BORLA,5,NOMBRE DE LA NIÑA,on,FECHA DE LA COMUNIÓN,on,NOMBRE DE LA IGLESIA,on,LOCALIDAD,on,"OBSERVACIONES SOBRE EL PEDIDO
",on,,,,,,
33135,RECORDATORIO DE COMUNIÓN MARCAPÁGINAS DOBLE CON CARTULINA KRAFT (copia),4,NOMBRE DE LA NIÑA,on,FECHA DE LA COMUNIÓN,on,NOMBRE DE LA IGLESIA,on,LOCALIDAD,on,,,,,,,,
33138,RECORDATORIO ALARGADO CON INICIAL (copia),5,NOMBRE,on,APELLIDOS,on,FECHA ,on,NOMBRE IGLESIA,on,LOCALIDAD,on,,,,,,
33265,MOCHILA CON INICIAL Y NOMBRE,1,NOMBRE,on,,,,,,,,,,,,,,
33275,BOLSA TOTE CON INICIAL Y NOMBRE,1,NOMBRE,on,,,,,,,,,,,,,,
33278,MOCHILA CON ESTRELLA Y NOMBRE,1,NOMBRE,on,,,,,,,,,,,,,,
33282,BOLSA TOTE CON ESTRELLA Y NOMBRE,1,NOMBRE,on,,,,,,,,,,,,,,
33285,NECESER CON INICIAL Y NOMBRE,1,NOMBRE,on,,,,,,,,,,,,,,
33289,NECESER CON INICIAL Y NOMBRE (copia),1,NOMBRE,on,,,,,,,,,,,,,,
33291,NECESER CON ESTRELLA Y NOMBRE,1,NOMBRE,on,,,,,,,,,,,,,,
33678,ÁLBUM ARTESANAL PARA BEBÉ,4,NOMBRE DEL BEBÉ,on,FECHA DEL BAUTIZO,off,NOMBRE DE LA IGLESIA,off,LOCALIDAD DEL BAUTIZO,off,,,,,,,,
33723,MOCHILA CON ESTRELLA Y NOMBRE (copia),1,NOMBRE,on,,,,,,,,,,,,,,
33725,MOCHILA CON DIBUJO Y NOMBRE,1,NOMBRE,on,,,,,,,,,,,,,,
33747,CUADERNO CON DIBUJO Y NOMBRE,1,NOMBRE,on,,,,,,,,,,,,,,
35916,Tarta de Pañales Pequeña - Bebé dormido,1,NOMBRE DEL BEBÉ ,on,,,,,,,,,,,,,,
35929,Tarta de Pañales Pequeña - Animalitos,1,NOMBRE DEL BEBÉ ,on,,,,,,,,,,,,,,
35941,ÁLBUM ARTESANAL PARA BEBÉ PERSONALIZADO CON OSITO,5,NOMBRE DEL BEBÉ,on,FECHA DEL BAUTIZO,on,NOMBRE DE LA IGLESIA,on,LOCALIDAD DEL BAUTIZO,on,OBSERVACIONES,on,,,,,,
36053,ETIQUETAS REDONDAS OSITO,3,NOMBRE DEL NIÑO/A,on,FECHA DE LA COMUNIÓ,off,OBSERVACIONES SOBRE EL PEDIDO,on,,,,,,,,,,
36072,ÁLBUM ARTESANAL PARA BEBÉ CON OSITO,4,NOMBRE DEL BEBÉ,on,FECHA DEL BAUTIZO,on,NOMBRE DE LA IGLESIA,on,LOCALIDAD DEL BAUTIZO,on,,,,,,,,
36083,"PACK  ""BIENVENIDO AL MUNDO""",1,NOMBRE DEL BEBÉ,on,,,,,,,,,,,,,,
36094,MINIÁLBUM CON DIBUJO DE ANIMAL,1,NOMBRE DEL BEBÉ,on,,,,,,,,,,,,,,
36106,LIBRO DE FIRMAS DE TELA CON ETIQUETA LIBERTY,5,NOMBRE DE LA NIÑA,on,FECHA ,on,NOMBRE DE LA IGLESIA,on,LOCALIDAD ,on,OBSERVACIONES,on,,,,,,
36118,INVITACIÓN DIGITAL CON FLORES LIBERTY,6,NOMBRE DE LA NIÑA,on,FECHA DE LA COMUNIÓN,on,NOMBRE DE LA IGLESIA,on,LOCALIDAD,on,NOMBRE RESTAURANTE O LUGAR DE CONVITE,on,HORA DEL EVENTO,on,,,,
36183,VELA EN BOTE BLANCO CON ETIQUETA CON CORONA PERSONALIZADA,2,NOMBRE,on,FECHA,on,,,,,,,,,,,,
36194,VELA EN BOTE BLANCO CON ETIQUETA VICHY PERSONALIZADA,2,NOMBRE,on,FECHA,on,,,,,,,,,,,,
36199,VELA EN FRASCO DE CRISTAL AMBAR CON ETIQUETA VICHY PERSONALIZADA,2,NOMBRE,on,FECHA,on,,,,,,,,,,,,
36205,VELA EN FRASCO CON ETIQUETA CON CORONA PERSONALIZADA,2,NOMBRE,on,FECHA,on,,,,,,,,,,,,
36210,ESPEJO DE BOLSILLO DE TELA PERSONALIZADO CON NOMBRE,5,NOMBRE ,on,APELLIDOS DEL NIÑO,off,FECHA DE LA COMUNIÓN,on,NOMBRE DE LA IGLESIA,off,LOCALIDAD DE LA COMUNIÓN,off,,,,,,
36235,JABÓN DE MARSELLA CON BOLSA DE ALGODÓN Y ETIQUETA PERSONALIZADA,2,NOMBRE,on,FECHA DEL EVENTO,on,,,,,,,,,,,,
36249,LIBRO DE FIRMAS ARTESANAL PARA COMUNIÓN PERSONALIZADO CON FÚTBOL,6,NOMBRE DEL NIÑO,on,FECHA DE LA COMUNIÓN,on,NOMBRE DE LA IGLESIA,on,LOCALIDAD DE LA COMUNIÓN,on,OBSERVACIONES,off,,on,,,,
36261,CUADERNO CON FLORES LIBERTY Y INICIAL,1,INICIAL,on,,,,,,,,,,,,,,
36268,ETIQUETAS REDONDAS CON BALÓN DE FÚTBOL Y VICHY,3,NOMBRE DEL NIÑO/A,on,FECHA DE LA COMUNIÓN,off,OBSERVACIONES SOBRE EL PEDIDO,on,,,,,,,,,,
36295,RECORDATORIO DE COMUNIÓN MARCAPÁGINAS DOBLE CON DIBUJO DE FUTBOL,4,NOMBRE Y APELLIDOS DEL NIÑO O LA NIÑA,on,FECHA DE LA COMUNIÓN,on,NOMBRE DE LA IGLESIA,on,LOCALIDAD,on,,,,,,,,
36303,LIBRO DE FIRMAS DE PRIMERA COMUNIÓN CON FUTBOL Y VICHY NEGRO,5,NOMBRE DEL NIÑO,on,APELLIDOS DEL NIÑO,on,FECHA DE LA COMUNIÓN,on,NOMBRE DE LA IGLESIA,on,LOCALIDAD DE LA COMUNIÓN,on,,,,,,
36318,PULSERAS CON CUENTA REDONDA PASTEL CON CORAZÓN DORADO,2,NOMBRE DEL NIÑO/A,on,FECHA DE COMUNIÓN O EVENTO,on,,,,,,,,,,,,
36329,PULSERAS CON CUENTA REDONDA PASTEL CON INICIAL DORADA,3,NOMBRE DEL NIÑO/A,on,inicales,on,,off,,,,,,,,,,
36349,BÁLSAMO LABIAL CON ETIQUETA  PERSONALIZADA CON CORONA,2,NOMBRE,on,FECHA,on,,,,,,,,,,,,
36365,TARRINA BLANCA O KRAFT CON ETIQUETA PERSONALIZADA,2,NOMBRE DEL NIÑO/A,off,FECHA DE COMUNIÓN/EVENTO,off,,,,,,,,,,,,
36429,VELA EN FRASCO DE CRISTAL AMBAR CON ETIQUETA PERSONALIZADA,1,,off,,,,,,,,,,,,,,
36566,VELA EN BOTE BLANCO CON ETIQUETA,2,NOMBRE,off,FECHA,off,,,,,,,,,,,,
36578,TARRINA BLANCA O KRAFT CON ETIQUETA VICHY PERSONALIZADA,2,NOMBRE DEL NIÑO/A,on,FECHA DE COMUNIÓN/EVENTO,on,,,,,,,,,,,,
36590,TARRINA BLANCA O KRAFT CON ETIQUETA CON CORONA PERSONALIZADA,2,NOMBRE DEL NIÑO/A,on,FECHA DE COMUNIÓN/EVENTO,on,,,,,,,,,,,,
36602,TARRINA BLANCA O KRAFT CON ETIQUETA DIBUJOS PERSONALIZADA,2,NOMBRE DEL NIÑO/A,on,FECHA DE COMUNIÓN/EVENTO,on,,,,,,,,,,,,
36667,BÁLSAMO LABIAL CON ETIQUETA  PERSONALIZADA CON DIBUJOS A ELEGIR,2,NOMBRE,on,FECHA,on,,,,,,,,,,,,
36674,CAJA MARIPOSA EN BLANCO O KRAFT CON ETIQUETA PERSONALIZADA,2,NOMBRE,on,FECHA,on,,,,,,,,,,,,
36684,BÁLSAMO LABIAL CON ETIQUETA  PERSONALIZADA CON VICHY,2,NOMBRE,on,FECHA,on,,,,,,,,,,,,
36689,BÁLSAMO LABIAL CON ETIQUETA  PERSONALIZADA,2,NOMBRE,off,FECHA,off,,,,,,,,,,,,
36896,LIBRO DE FIRMAS DE TELA CON ETIQUETA CON DIBUJO NIÑA COMUNIÓN TIPO ACUARELA,5,NOMBRE DE LA NIÑA,on,FECHA ,on,NOMBRE DE LA IGLESIA,on,LOCALIDAD ,on,OBSERVACIONES,on,,,,,,
36949,LÁMINA A4 CON NIÑA COMUNIÓN CON MARCO BLANCO,4,NOMBRE DE LA NIÑA,on,FECHA DE LA COMUNIÓN,on,NOMBRE DE LA IGLESIA,off,LOCALIDAD,on,,,,,,,,
36998,LÁMINA A4 CON MOTIVOS VARIOS PARA COMUNIÓN CON MARCO BLANCO,2,NOMBRE DEL NIÑO/A,on,FECHA DE COMUNIÓN/EVENTO,on,,,,,,,,,,,,
37004,TARRINA BLANCA O KRAFT CON ETIQUETA CON CORONA PERSONALIZADA (copia),2,NOMBRE DEL NIÑO/A,on,FECHA DE COMUNIÓN/EVENTO,on,,,,,,,,,,,,
37010,LÁMINA A4 CON CORONA PARA COMUNIÓN CON MARCO BLANCO,2,NOMBRE DEL NIÑO/A,on,FECHA DE COMUNIÓN/EVENTO,on,,,,,,,,,,,,
37017,LÁMINA A4 PARA COMUNIÓN CON MARCO BLANCO (copia),2,NOMBRE DEL NIÑO/A,on,FECHA DE COMUNIÓN/EVENTO,on,,,,,,,,,,,,
37231,ETIQUETA REDONDA CON DIBUJO NIÑO COMUNIÓN TIPO ACUARELA,4,NOMBRE DE LA NIÑO,on,FECHA DE LA COMUNIÓN,on,NOMBRE DE LA IGLESIA,off,LOCALIDAD,off,,,,,,,,
37341,RECORDATORIO CON DIBUJO NIÑO COMUNIÓN TIPO ACUARELA,4,NOMBRE Y APELLIDOS DEL NIÑO,on,FECHA DE LA COMUNIÓN,on,NOMBRE DE LA IGLESIA,off,LOCALIDAD,on,,,,,,,,
37373,RECORDATORIO MARCAPÁGINA CON DIBUJO NIÑO COMUNIÓN TIPO ACUARELA,4,NOMBRE Y APELLIDOS DE LA NIÑO,on,FECHA DE LA COMUNIÓN,on,NOMBRE DE LA IGLESIA,off,LOCALIDAD,on,,,,,,,,
37406,LIBRO DE FIRMAS DE TELA CON ETIQUETA PERSONALIZADA CON DIBUJO DE NIÑO TIPO ACUARELA,1,,,,,,,,,,,,,,,,
37438,LÁMINA A4 CON MARCO BLANCO Y DIBUJO NIÑO COMUNIÓN TIPO ACUARELA,4,NOMBRE DE LA NIÑO,on,FECHA DE LA COMUNIÓN,on,NOMBRE DE LA IGLESIA,off,LOCALIDAD,off,,,,,,,,
37595,RECORDATORIO CUADRADO CON DIBUJO NIÑO COMUNIÓN TIPO ACUARELA,4,NOMBRE Y APELLIDOS DEL NIÑO,on,FECHA DE LA COMUNIÓN,on,NOMBRE DE LA IGLESIA,off,LOCALIDAD,on,,,,,,,,
37633,RECORDATORIO CUADRADO CON NIÑA COMUNIÓN TIPO ACUARELA,4,NOMBRE DE LA NIÑA,on,FECHA DE LA COMUNIÓN,on,NOMBRE DE LA IGLESIA,off,LOCALIDAD,on,,,,,,,,
37683,RECORDATORIO  RECTANGULAR CON NIÑA COMUNIÓN TIPO ACUARELA,4,NOMBRE DE LA NIÑA,on,FECHA DE LA COMUNIÓN,on,NOMBRE DE LA IGLESIA,off,LOCALIDAD,on,,,,,,,,
37734,RECORDATORIO  MARCAPÁGINAS CON NIÑA COMUNIÓN TIPO ACUARELA,4,NOMBRE DE LA NIÑA,on,FECHA DE LA COMUNIÓN,on,NOMBRE DE LA IGLESIA,off,LOCALIDAD,on,,,,,,,,
37784,ETIQUETA REDONDA CON NIÑA COMUNIÓN TIPO ACUARELA,4,NOMBRE DE LA NIÑA,on,FECHA DE LA COMUNIÓN,on,NOMBRE DE LA IGLESIA,off,LOCALIDAD,on,,,,,,,,
37891,INVITACIÓN DIGITAL CON DIBUJO NIÑO COMUNIÓN TIPO ACUARELA,5,NOMBRE DE LA NIÑO,on,FECHA DE LA COMUNIÓN,on,NOMBRE DE LA IGLESIA,on,HORA MISA,on,NOMBRE RESTAURANTE/ LUGAR DE CELEBRACIÓN ,on,,,,,,
37923,PULSERA CON CRUZ DE COLORES SOBRE TARJETA CON CORONA PERSONALIZADA,3,NOMBRE DEL NIÑO/A,on,FECHA DE COMUNIÓN/EVENTO,on,OBSERVACIONES,on,,,,,,,,,,
37925,INVITACIÓN DIGITAL CON DIBUJO NIÑA COMUNIÓN TIPO ACUARELA,6,NOMBRE DE LA NIÑA,on,FECHA DE LA COMUNIÓN,on,NOMBRE DE LA IGLESIA,on,HORA DE LA MISA,on,NOMBRE RESTAURANTE/ LUGAR DE CELEBRACIÓN ,on,LOCALIDAD,on,,,,
38018,CRUZ DE MADERA CON CORDÓN AJUSTABLE Y CARTULINA PERSONALIZADA,2,NOMBRE ,on,FECHA,on,,,,,,,,,,,,
38028,BOTE PARA CHUCHES CON ETIQUETA DIBUJO NIÑO COMUNIÓN TIPO ACUARELA,5,NOMBRE DE LA NIÑO,on,FECHA DE LA COMUNIÓN,on,NOMBRE DE LA IGLESIA,off,HORA MISA,off,NOMBRE RESTAURANTE/ LUGAR DE CELEBRACIÓN ,off,,,,,,
38064,BOTE PARA CHUCHES CON ETIQUETA DIBUJO NIÑA COMUNIÓN TIPO ACUARELA,5,NOMBRE DE LA NIÑA,on,FECHA DE LA COMUNIÓN,on,NOMBRE DE LA IGLESIA,off,HORA DE LA MISA,off,NOMBRE RESTAURANTE/ LUGAR DE CELEBRACIÓN ,on,,,,,,
38185,PACK COMUNIÓN ESENCIAL -  BALÓN DE FÚTBOL,1,,off,,,,,,,,,,,,,,
38216,PACK COMUNIÓN PREMIUM - CORONA DE FLORES,7,NOMBRE DEL NIÑO/A,on,FECHA DE LA COMUNIÓN,on,NOMBRE DE LA IGLESIA,on,LOCALIDAD DE LA COMUNIÓN,on,HORA MISA,on,RESTAURANTE/LUGAR DE LA CELEBRACION,on,OBSERVACIONES,on,,
38243,PACK BASICO COMUNIÓN CON DIBUJO DE NIÑO TIPO ACUARELA,7,NOMBRE DE LA NIÑO,on,FECHA DE LA COMUNIÓN,on,NOMBRE DE LA IGLESIA,on,LOCALIDAD,on,HORA DE LA MISA,on,NOMBRE RESTAURANTE /LUGAR DE LA CELEBRACION,on,OBSERVACIONES,on,,
38258,PACK COMUNIÓN ESENCIAL -  DIBUJO NIÑA TIPO ACUARELA,8,NOMBRE DE LA NIÑA,off,FECHA ,off,NOMBRE DE LA IGLESIA,off,LOCALIDAD ,off,HORA DE LA MISA,off,NOMBRE RESTAURANTE/LUGAR DE LA CELEBRACIÓN,off,OBSERVACIONES,off,AÑADIR PULSERAS,off
38302,PULSERA CON CRUZ MONTADA EN TARJETA CON DIBUJO DE NIÑO,5,NOMBRE DE LA NIÑO,on,FECHA DE LA COMUNIÓN,on,NOMBRE DE LA IGLESIA,off,HORA MISA,off,NOMBRE RESTAURANTE/ LUGAR DE CELEBRACIÓN ,off,,,,,,
38314,PULSERA CON CRUZ MONTADA EN TARJETA CON DIBUJO DE NIÑA,5,NOMBRE DE LA NIÑA,on,FECHA DE LA COMUNIÓN,on,NOMBRE DE LA IGLESIA,off,HORA DE LA MISA,off,NOMBRE RESTAURANTE/ LUGAR DE CELEBRACIÓN ,on,,,,,,
38355,PULSERA CON CRUZ DE COLORES SOBRE TARJETA CON MOTIVOS VARIOS,0,,,,,,,,,,,,,,,,
38398,LIBRO DE FIRMAS DE COMUNION  CON  CORONA,5,NOMBRE DE LA NIÑA,on,APELLIDOS DE LA NIÑA,on,FECHA DE LA COMUNIÓN,on,NOMBRE DE LA IGLESIA,on,LUGAR DE LA COMUNIÓN,on,,,,,,
38536,TARJETA PULSERA,3,NOMBRE DEL NIÑO,on,FECHA DE COMUNIÓN,on,OBSERVACIONES SOBRE EL PEDIDO,on,,,,,,,,,,
38583,PACK PULSERAS CON CRUCES DE COLORES Y CORDÓN DE ALGODÓN  ENCERADO,3,NOMBRE DEL NIÑO,on,FECHA DE COMUNIÓN,on,OBSERVACIONES SOBRE EL PEDIDO,on,,,,,,,,,,
38601,PACK DE PULSERAS CON CRUCES DE COLORES Y CORDON DE ALGODÓN ENCERADO CON TARJETA VICHY,3,NOMBRE DEL NIÑO,on,FECHA DE COMUNIÓN,on,OBSERVACIONES SOBRE EL PEDIDO,on,,,,,,,,,,
38605,LLAVERO CON BOLA DE MADERA Y COLGANTE NÁCAR (copia),2,NOMBRE DEL NIÑO/A,on,FECHA DEL EVENTO,on,,,,,,,,,,,,
38607,PACK DE LLAVERO CON BOLA DE MADERA Y COLGANTE NÁCAR,2,NOMBRE DEL NIÑO/A,on,FECHA DEL EVENTO,on,,,,,,,,,,,,
38611,PACK DE LLAVEROS CON INICIAL DE MADERA,4,NOMBRE DE NOVIOS O NIÑO,on,FECHA DEL EVENTO,on,PONER INICIAL ,on,OBSERVACIONES SOBRE EL PEDIDO,on,,,,,,,,
38651,RECORDATORIO  MARCAPÁGINAS CON NIÑA COMUNIÓN TIPO ACUARELA (copia),4,NOMBRE DE LA NIÑA,on,FECHA DE LA COMUNIÓN,on,NOMBRE DE LA IGLESIA,off,LOCALIDAD,on,,,,,,,,
38700,PACK DE RECORDATORIO MARCAPÁGINAS CON DIBUJO DE NIÑA TIPO ACUARELA,5,NOMBRE DE LA NIÑA,on,FECHA DE LA COMUNIÓN,on,NOMBRE DE LA IGLESIA,off,LOCALIDAD,on,OBSERVACIONES SOBRE EL PEDIDO,on,,,,,,
38801,RECORDATORIO CUADRADO CON NIÑA COMUNIÓN TIPO ACUARELA (copia),4,NOMBRE DE LA NIÑA,on,FECHA DE LA COMUNIÓN,on,NOMBRE DE LA IGLESIA,off,LOCALIDAD,on,,,,,,,,
38835,PACK DE RECORDATORIO CUADRADO CON DIBUJO DE NIÑA TIPO ACUARELA,5,NOMBRE DE LA NIÑA,on,FECHA DE LA COMUNIÓN,on,NOMBRE DE LA IGLESIA,off,LOCALIDAD,on,OBSERVACIONES SOBRE EL PEDIDO,on,,,,,,
38902,PACK DE RECORDATORIO CUADRADO CON DIBUJO NIÑO COMUNIÓN TIPO ACUARELA,5,NOMBRE Y APELLIDOS DEL NIÑO,on,FECHA DE LA COMUNIÓN,on,NOMBRE DE LA IGLESIA,off,LOCALIDAD,on,OBSERVACIONES SOBRE EL PEDIDO,on,,,,,,
38907,PACK RECORDATORIO MARCAPÁGINA CON DIBUJO NIÑO COMUNIÓN TIPO ACUARELA,5,NOMBRE Y APELLIDOS DE LA NIÑO,on,FECHA DE LA COMUNIÓN,on,NOMBRE DE LA IGLESIA,off,LOCALIDAD,on,OBSERVACIONES SOBRE EL PEDIDO,on,,,,,,
38913,PACK RECORDATORIO CON DIBUJO NIÑO COMUNIÓN TIPO ACUARELA,5,NOMBRE Y APELLIDOS DEL NIÑO,on,FECHA DE LA COMUNIÓN,on,NOMBRE DE LA IGLESIA,off,LOCALIDAD,on,OBSERVACIONES SOBRE EL PEDIDO,on,,,,,,
38965,GUIRNALDA DE BANDERINES CON DIBUJO DE NIÑO DE COMUNION Y NOMBRE  DEL NIÑO,4,NOMBRE DEL NIÑO,on,FECHA DE LA COMUNIÓN,off,NOMBRE DE LA IGLESIA,off,LOCALIDAD,off,,,,,,,,
39001,PACK RECORDATORIO  RECTANGULAR CON NIÑA COMUNIÓN TIPO ACUARELA,5,NOMBRE DE LA NIÑA,on,FECHA DE LA COMUNIÓN,on,NOMBRE DE LA IGLESIA,off,LOCALIDAD,on,OBSERVACIONES SOBRE EL PEDIDO,on,,,,,,
39083,PACK LLAVERO DE MADERA CON CRUZ O ESTRELLA,3,NOMBRE DE NOVIOS O NIÑO,on,FECHA DEL EVENTO,on,OSERVACIONES SOBRE EL PEDIDO,on,,,,,,,,,,
39087,PACK PULSERA CON CRUZ MONTADA EN TARJETA CON DIBUJO DE NIÑA,5,NOMBRE DE LA NIÑA,on,FECHA DE LA COMUNIÓN,on,NOMBRE DE LA IGLESIA,off,HORA DE LA MISA,off,NOMBRE RESTAURANTE/ LUGAR DE CELEBRACIÓN ,on,,,,,,
39092,PACK PULSERA CON CRUZ MONTADA EN TARJETA CON DIBUJO DE NIÑO,5,NOMBRE DE LA NIÑO,on,FECHA DE LA COMUNIÓN,on,NOMBRE DE LA IGLESIA,off,HORA MISA,off,NOMBRE RESTAURANTE/ LUGAR DE CELEBRACIÓN ,off,,,,,,
39139,PACK ETIQUETAS NIÑA COMUNIÓN TIPO ACUARELA,4,NOMBRE DE LA NIÑA,on,FECHA DE LA COMUNIÓN,on,NOMBRE DE LA IGLESIA,off,LOCALIDAD,on,,,,,,,,
39154,PACK ETIQUETA REDONDA CON DIBUJO PACK ETIQUETA NIÑO COMUNIÓN TIPO ACUARELA,4,NOMBRE DE LA NIÑO,on,FECHA DE LA COMUNIÓN,on,NOMBRE DE LA IGLESIA,off,LOCALIDAD,off,,,,,,,,
39608,ÁLBUM CON ESPIRAL PERSONALIZADO CON DIBUJO DE NIÑO TIPO ACUARELA,5,NOMBRE DE LA NIÑO,on,FECHA DE LA COMUNIÓN,on,NOMBRE DE LA IGLESIA,on,LOCALIDAD,on,OBSERVACIONES SOBRE EL PEDIDO,on,,,,,,
39626,ÁLBUM  CON ESPIRAL PERSONALIZADO CON DIBUJO NIÑA TIPO ACUARELA,5,NOMBRE DE LA NIÑA,on,FECHA ,on,NOMBRE DE LA IGLESIA,on,LOCALIDAD ,on,OBSERVACIONES,on,,,,,,
39727,RECORDATORIO DOBLE MARCAPÁGINA CON DIBUJO NIÑO COMUNIÓN TIPO ACUARELA,4,NOMBRE Y APELLIDOS DE LA NIÑO,on,FECHA DE LA COMUNIÓN,on,NOMBRE DE LA IGLESIA,off,LOCALIDAD,on,,,,,,,,
40109,LÁMINA PERSONALIZADA DE NACIMIENTO CON MARCO BLANCO – A4,5,NOMBRE DEL/ DE LA NIÑO/A,on,FECHA DE NACIMIENTO,on,MEDIDA,on,PESO,on,HORA NACIMIENTO,on,,,,,,
40189,INVITACIÓN DIGITAL CON FÚTBOL,6,NOMBRE DEL NIÑO,on,FECHA DE LA COMUNIÓN,on,NOMBRE DE LA IGLESIA,on,LOCALIDAD,on,NOMBRE RESTAURANTE O LUGAR DE CONVITE,on,HORA DEL EVENTO,on,,,,
40204,INVITACIÓN DIGITAL DE COMUNIÓN CON FÚTBOL,6,NOMBRE DE LA NIÑA/O,on,FECHA DE LA COMUNIÓN,on,NOMBRE DE LA IGLESIA,on,LOCALIDAD,on,NOMBRE RESTAURANTE O LUGAR DE CONVITE,on,HORA DEL EVENTO,on,,,,
40225,ÁLBUM ARTESANAL CON BEBÉ DORMIDO,5,NOMBRE DEL BEBÉ,on,FECHA DEL BAUTIZO,on,NOMBRE DE LA IGLESIA,on,LOCALIDAD DEL BAUTIZO,on,OBSERVACIONES,on,,,,,,
40239,ÁLBUM ARTESANAL CON BEBE DORMIDO,4,NOMBRE DEL BEBÉ,on,FECHA DEL BAUTIZO,on,NOMBRE DE LA IGLESIA,on,LOCALIDAD DEL BAUTIZO,on,,,,,,,,
40392,ETIQUETA REDONDA CON NIÑA COMUNIÓN TIPO ACUARELA CON REVERSO CON FLORES LIBERTY,4,NOMBRE DE LA NIÑA,on,FECHA DE LA COMUNIÓN,on,NOMBRE DE LA IGLESIA,off,LOCALIDAD,on,,,,,,,,
40401,RECORDATORIO  MARCAPÁGINAS CON NIÑA COMUNIÓN TIPO ACUARELA CON ANVERSO DE FLORES LIBERTY,4,NOMBRE DE LA NIÑA,on,FECHA DE LA COMUNIÓN,on,NOMBRE DE LA IGLESIA,off,LOCALIDAD,on,,,,,,,,
40470,LIBRO DE FIRMAS ARTESANAL PARA COMUNIÓN PERSONALIZADO CON DIBUJO DE UN ANCLA,6,NOMBRE DEL NIÑO,on,FECHA DE LA COMUNIÓN,on,NOMBRE DE LA IGLESIA,on,LOCALIDAD DE LA COMUNIÓN,on,OBSERVACIONES,off,,on,,,,
40547,PACK COMUNIÓN PREMIUM - DIBUJO NIÑA TIPO ACUARELA,1,,off,,,,,,,,,,,,,,
40563,PACK COMUNIÓN ESENCIAL - DIBUJO DE NIÑO TIPO ACUARELA,7,NOMBRE DE LA NIÑO,on,FECHA DE LA COMUNIÓN,on,NOMBRE DE LA IGLESIA,on,LOCALIDAD,on,HORA DE LA MISA,on,NOMBRE RESTAURANTE /LUGAR DE LA CELEBRACION,on,OBSERVACIONES,on,,
40577,PACK COMUNIÓN PREMIUM - DIBUJO DE NIÑO TIPO ACUARELA,0,,,,,,,,,,,,,,,,
40594,PACK COMUNIÓN PREMIUM -  BALÓN DE FÚTBOL,1,,off,,,,,,,,,,,,,,
40608,PACK COMUNIÓN ESENCIAL - CORONA DE FLORES,1,,off,,,,,,,,,,,,,,
40648,PACK COMUNIÓN PREMIUM - CORONA DE FLORES,7,NOMBRE DEL NIÑO/A,off,FECHA DE LA COMUNIÓN,off,NOMBRE DE LA IGLESIA,off,LOCALIDAD DE LA COMUNIÓN,off,HORA MISA,off,RESTAURANTE/LUGAR DE LA CELEBRACION,off,OBSERVACIONES,off,,
